Record Length,2500,Points,-1.2500000,1.2200000,
Sample Interval,1.0000000E-3,s,-1.2490000,1.2400000,
Trigger Point,1.2500000E3,Samples,-1.2480000,1.2200000,
,,,-1.2470000,1.2200000,
,,,-1.2460001,1.2200000,
,,,-1.2450000,1.2400000,
Source,CH1,,-1.2440000,1.2400000,
Vertical Units,Volts,,-1.2430000,1.2400000,
Vertical Scale,499.999988824E-3,,-1.2420000,1.2200000,
Vertical Offset,0,,-1.2410001,1.2200000,
Horizontal Units,s,,-1.2400000,1.1999999,
Horizontal Scale,250.00001187E-3,,-1.2390000,1.1999999,
Pt Fmt,Y,,-1.2380000,1.2200000,
Yzero,-4.00000000,,-1.2370000,1.2200000,
Probe Atten,1.000000,,-1.2359999,1.2200000,
,,,-1.2350000,1.2200000,
Note,TDS 1002C-EDU - 12:17:45   26.06.2023,,-1.2340000,1.2200000,
,,,-1.2330000,1.2200000,
,,,-1.2320000,1.2200000,
,,,-1.2309999,1.2200000,
,,,-1.2300000,1.2400000,
,,,-1.2290000,1.2400000,
,,,-1.2280000,1.2400000,
,,,-1.2270000,1.2200000,
,,,-1.2260000,1.2200000,
,,,-1.2250000,1.2200000,
,,,-1.2240000,1.2400000,
,,,-1.2230000,1.2200000,
,,,-1.2220000,1.2200000,
,,,-1.2210000,1.2200000,
,,,-1.2200000,1.1999999,
,,,-1.2190000,1.2200000,
,,,-1.2180001,1.2200000,
,,,-1.2170000,1.2200000,
,,,-1.2160000,1.2200000,
,,,-1.2150000,1.2200000,
,,,-1.2140000,1.2200000,
,,,-1.2129999,1.1999999,
,,,-1.2120000,1.2200000,
,,,-1.2110000,1.2200000,
,,,-1.2100000,1.2200000,
,,,-1.2090000,1.2200000,
,,,-1.2079999,1.2200000,
,,,-1.2070000,1.2200000,
,,,-1.2060000,1.2400000,
,,,-1.2050000,1.2200000,
,,,-1.2040000,1.2200000,
,,,-1.2029999,1.2200000,
,,,-1.2020000,1.2200000,
,,,-1.2010000,1.2400000,
,,,-1.2000000,1.2200000,
,,,-1.1990000,1.2400000,
,,,-1.1980000,1.2200000,
,,,-1.1970000,1.2200000,
,,,-1.1960000,1.1999999,
,,,-1.1950001,1.2400000,
,,,-1.1940000,1.2200000,
,,,-1.1930000,1.2200000,
,,,-1.1920000,1.2200000,
,,,-1.1910000,1.2400000,
,,,-1.1899999,1.2200000,
,,,-1.1890000,1.2200000,
,,,-1.1880000,1.2200000,
,,,-1.1870000,1.2200000,
,,,-1.1860000,1.2400000,
,,,-1.1849999,1.2200000,
,,,-1.1840000,1.1999999,
,,,-1.1830000,1.2200000,
,,,-1.1820000,1.2200000,
,,,-1.1810000,1.1999999,
,,,-1.1799999,1.2200000,
,,,-1.1790000,1.2200000,
,,,-1.1780000,1.2200000,
,,,-1.1770000,1.2200000,
,,,-1.1760000,1.2200000,
,,,-1.1750000,1.2200000,
,,,-1.1740000,1.2200000,
,,,-1.1730000,1.2400000,
,,,-1.1720001,1.2200000,
,,,-1.1710000,1.2200000,
,,,-1.1700000,1.2200000,
,,,-1.1690000,1.2200000,
,,,-1.1680000,1.2200000,
,,,-1.1670001,1.2200000,
,,,-1.1660000,1.2200000,
,,,-1.1650000,1.2200000,
,,,-1.1640000,1.2200000,
,,,-1.1630000,1.2400000,
,,,-1.1619999,1.2200000,
,,,-1.1610000,1.2200000,
,,,-1.1600000,1.1999999,
,,,-1.1590000,1.2200000,
,,,-1.1580000,1.2200000,
,,,-1.1569999,1.2400000,
,,,-1.1560000,1.2200000,
,,,-1.1550000,1.2200000,
,,,-1.1540000,1.2400000,
,,,-1.1530000,1.2200000,
,,,-1.1520000,1.2200000,
,,,-1.1510000,1.2400000,
,,,-1.1500000,1.2200000,
,,,-1.1490000,1.2200000,
,,,-1.1480000,1.2200000,
,,,-1.1470000,1.2200000,
,,,-1.1460000,1.2200000,
,,,-1.1450000,1.2200000,
,,,-1.1440001,1.2200000,
,,,-1.1430000,1.2200000,
,,,-1.1420000,1.2200000,
,,,-1.1410000,1.2200000,
,,,-1.1400000,1.1999999,
,,,-1.1389999,1.1999999,
,,,-1.1380000,1.2200000,
,,,-1.1370000,1.2200000,
,,,-1.1360000,1.2400000,
,,,-1.1350000,1.1999999,
,,,-1.1339999,1.2200000,
,,,-1.1330000,1.2200000,
,,,-1.1320000,1.2400000,
,,,-1.1310000,1.1999999,
,,,-1.1300000,1.1999999,
,,,-1.1289999,1.2400000,
,,,-1.1280000,1.2200000,
,,,-1.1270000,1.2400000,
,,,-1.1260000,1.2200000,
,,,-1.1250000,1.2200000,
,,,-1.1240000,1.2200000,
,,,-1.1230000,1.2400000,
,,,-1.1220000,1.1999999,
,,,-1.1210001,1.2200000,
,,,-1.1200000,1.2200000,
,,,-1.1190000,1.2200000,
,,,-1.1180000,1.2400000,
,,,-1.1170000,1.2200000,
,,,-1.1159999,1.2200000,
,,,-1.1150000,1.2400000,
,,,-1.1140000,1.2200000,
,,,-1.1130000,1.2200000,
,,,-1.1120000,1.2200000,
,,,-1.1109999,1.2200000,
,,,-1.1100000,1.2400000,
,,,-1.1090000,1.2200000,
,,,-1.1080000,1.1999999,
,,,-1.1070000,1.2400000,
,,,-1.1059999,1.2200000,
,,,-1.1050000,1.2200000,
,,,-1.1040000,1.1999999,
,,,-1.1030000,1.2200000,
,,,-1.1020000,1.2400000,
,,,-1.1010000,1.2200000,
,,,-1.1000000,1.2200000,
,,,-1.0990000,1.2200000,
,,,-1.0980000,1.2200000,
,,,-1.0970000,1.2200000,
,,,-1.0960000,1.2200000,
,,,-1.0950000,1.2200000,
,,,-1.0940000,1.2200000,
,,,-1.0929999,1.2200000,
,,,-1.0920000,1.2200000,
,,,-1.0910000,1.2200000,
,,,-1.0900000,1.2200000,
,,,-1.0890000,1.2200000,
,,,-1.0879999,1.2200000,
,,,-1.0870000,1.2200000,
,,,-1.0860000,1.2200000,
,,,-1.0850000,1.2200000,
,,,-1.0840000,1.2200000,
,,,-1.0829999,1.2200000,
,,,-1.0820000,1.2200000,
,,,-1.0810000,1.2200000,
,,,-1.0800000,1.1999999,
,,,-1.0790000,1.2200000,
,,,-1.0779999,1.2200000,
,,,-1.0770000,1.2200000,
,,,-1.0760000,1.2200000,
,,,-1.0750000,1.2400000,
,,,-1.0740000,1.2200000,
,,,-1.0730000,1.2200000,
,,,-1.0720000,1.2200000,
,,,-1.0710000,1.2200000,
,,,-1.0699999,1.2400000,
,,,-1.0690000,1.2200000,
,,,-1.0680000,1.1999999,
,,,-1.0670000,1.1999999,
,,,-1.0660000,1.2200000,
,,,-1.0649999,1.1999999,
,,,-1.0640000,1.2200000,
,,,-1.0630000,1.2200000,
,,,-1.0620000,1.1999999,
,,,-1.0610000,1.2400000,
,,,-1.0599999,1.2200000,
,,,-1.0590000,1.2200000,
,,,-1.0580000,1.2200000,
,,,-1.0570000,1.2200000,
,,,-1.0560000,1.2200000,
,,,-1.0549999,1.2200000,
,,,-1.0540000,1.2200000,
,,,-1.0530000,1.2200000,
,,,-1.0520000,1.1999999,
,,,-1.0510000,1.2200000,
,,,-1.0500000,1.1999999,
,,,-1.0490000,1.2200000,
,,,-1.0480000,1.2400000,
,,,-1.0469999,1.2200000,
,,,-1.0460000,1.2200000,
,,,-1.0450000,1.2200000,
,,,-1.0440000,1.2400000,
,,,-1.0430000,1.2200000,
,,,-1.0419999,1.2200000,
,,,-1.0410000,1.2200000,
,,,-1.0400000,1.2400000,
,,,-1.0390000,1.2200000,
,,,-1.0380000,1.2200000,
,,,-1.0369999,1.2400000,
,,,-1.0360000,1.2200000,
,,,-1.0350000,1.2200000,
,,,-1.0340000,1.2200000,
,,,-1.0330000,1.2400000,
,,,-1.0319999,1.1999999,
,,,-1.0310000,1.2200000,
,,,-1.0300000,1.2200000,
,,,-1.0290000,1.2200000,
,,,-1.0280000,1.2200000,
,,,-1.0270000,1.2200000,
,,,-1.0260000,1.2400000,
,,,-1.0250000,1.2400000,
,,,-1.0240000,1.2600000,
,,,-1.0230000,1.2800000,
,,,-1.0220000,1.3000000,
,,,-1.0210000,1.3399999,
,,,-1.0200000,1.3800000,
,,,-1.0189999,1.4399999,
,,,-1.0180000,1.4800000,
,,,-1.0170000,1.5400000,
,,,-1.0160000,1.5599999,
,,,-1.0150000,1.6200000,
,,,-1.0139999,1.6799999,
,,,-1.0130000,1.7400000,
,,,-1.0120000,1.8000000,
,,,-1.0110000,1.8600000,
,,,-1.0100000,1.9000000,
,,,-1.0089999,1.9599999,
,,,-1.0080000,2.0200000,
,,,-1.0070000,2.0400000,
,,,-1.0060000,2.0999999,
,,,-1.0050000,2.1599998,
,,,-1.0039999,2.2000000,
,,,-1.0030000,2.2600000,
,,,-1.0020000,2.3000000,
,,,-1.0010000,2.3399999,
,,,-1.000000,2.3799999,
,,,-999.000012875E-3,2.4199998,
,,,-997.999966145E-3,2.4600000,
,,,-996.999979019E-3,2.5200000,
,,,-995.999991894E-3,2.5400000,
,,,-995.000004768E-3,2.5599999,
,,,-993.999958038E-3,2.6199999,
,,,-992.999970913E-3,2.6599998,
,,,-991.999983788E-3,2.7000000,
,,,-990.999996662E-3,2.74000001,
,,,-990.000009537E-3,2.74000001,
,,,-988.999962807E-3,2.79999995,
,,,-987.999975681E-3,2.81999993,
,,,-986.999988556E-3,2.85999990,
,,,-986.000001431E-3,2.85999990,
,,,-985.000014305E-3,2.91999984,
,,,-983.999967575E-3,2.93999982,
,,,-982.999980450E-3,2.96000004,
,,,-981.999993324E-3,2.98000002,
,,,-981.000006199E-3,3.00000000,
,,,-979.999959469E-3,3.03999996,
,,,-978.999972343E-3,3.03999996,
,,,-977.999985218E-3,3.07999992,
,,,-976.999998093E-3,3.09999990,
,,,-976.000010967E-3,3.11999989,
,,,-974.999964237E-3,3.13999987,
,,,-973.999977112E-3,3.15999985,
,,,-972.999989986E-3,3.17999983,
,,,-972.000002861E-3,3.19999981,
,,,-971.000015736E-3,3.22000003,
,,,-969.999969006E-3,3.24000001,
,,,-968.999981880E-3,3.24000001,
,,,-967.999994755E-3,3.25999999,
,,,-967.000007629E-3,3.27999997,
,,,-965.999960899E-3,3.29999995,
,,,-964.999973774E-3,3.31999993,
,,,-963.999986649E-3,3.31999993,
,,,-962.999999523E-3,3.33999991,
,,,-962.000012398E-3,3.35999990,
,,,-960.999965668E-3,3.35999990,
,,,-959.999978542E-3,3.39999986,
,,,-958.999991417E-3,3.39999986,
,,,-958.000004292E-3,3.41999984,
,,,-956.999957561E-3,3.41999984,
,,,-955.999970436E-3,3.43999982,
,,,-954.999983311E-3,3.43999982,
,,,-953.999996185E-3,3.46000004,
,,,-953.000009060E-3,3.43999982,
,,,-951.999962330E-3,3.48000002,
,,,-950.999975204E-3,3.46000004,
,,,-949.999988079E-3,3.48000002,
,,,-949.000000954E-3,3.50000000,
,,,-948.000013828E-3,3.50000000,
,,,-946.999967098E-3,3.50000000,
,,,-945.999979973E-3,3.51999998,
,,,-944.999992847E-3,3.53999996,
,,,-944.000005722E-3,3.53999996,
,,,-942.999958992E-3,3.53999996,
,,,-941.999971867E-3,3.55999994,
,,,-940.999984741E-3,3.53999996,
,,,-939.999997616E-3,3.57999992,
,,,-939.000010490E-3,3.57999992,
,,,-937.999963760E-3,3.57999992,
,,,-936.999976635E-3,3.59999990,
,,,-935.999989510E-3,3.57999992,
,,,-935.000002384E-3,3.59999990,
,,,-933.999955654E-3,3.59999990,
,,,-932.999968529E-3,3.61999989,
,,,-931.999981403E-3,3.61999989,
,,,-930.999994278E-3,3.61999989,
,,,-930.000007153E-3,3.61999989,
,,,-928.999960423E-3,3.61999989,
,,,-927.999973297E-3,3.61999989,
,,,-926.999986172E-3,3.63999987,
,,,-925.999999046E-3,3.63999987,
,,,-925.000011921E-3,3.63999987,
,,,-923.999965191E-3,3.65999985,
,,,-922.999978065E-3,3.65999985,
,,,-921.999990940E-3,3.65999985,
,,,-921.000003815E-3,3.65999985,
,,,-919.999957085E-3,3.65999985,
,,,-918.999969959E-3,3.65999985,
,,,-917.999982834E-3,3.67999983,
,,,-916.999995708E-3,3.67999983,
,,,-916.000008583E-3,3.65999985,
,,,-914.999961853E-3,3.69999981,
,,,-913.999974728E-3,3.67999983,
,,,-912.999987602E-3,3.67999983,
,,,-912.000000477E-3,3.69999981,
,,,-911.000013351E-3,3.67999983,
,,,-909.999966621E-3,3.69999981,
,,,-908.999979496E-3,3.69999981,
,,,-907.999992371E-3,3.69999981,
,,,-907.000005245E-3,3.69999981,
,,,-905.999958515E-3,3.69999981,
,,,-904.999971390E-3,3.69999981,
,,,-903.999984264E-3,3.69999981,
,,,-902.999997139E-3,3.69999981,
,,,-902.000010014E-3,3.72000003,
,,,-900.999963284E-3,3.69999981,
,,,-899.999976158E-3,3.69999981,
,,,-898.999989033E-3,3.69999981,
,,,-898.000001907E-3,3.72000003,
,,,-896.999955177E-3,3.72000003,
,,,-895.999968052E-3,3.72000003,
,,,-894.999980927E-3,3.72000003,
,,,-893.999993801E-3,3.72000003,
,,,-893.000006676E-3,3.74000001,
,,,-891.999959946E-3,3.74000001,
,,,-890.999972820E-3,3.74000001,
,,,-889.999985695E-3,3.74000001,
,,,-888.999998569E-3,3.74000001,
,,,-888.000011444E-3,3.74000001,
,,,-886.999964714E-3,3.74000001,
,,,-885.999977589E-3,3.74000001,
,,,-884.999990463E-3,3.74000001,
,,,-884.000003338E-3,3.75999999,
,,,-882.999956608E-3,3.74000001,
,,,-881.999969482E-3,3.74000001,
,,,-880.999982357E-3,3.74000001,
,,,-879.999995232E-3,3.74000001,
,,,-879.000008106E-3,3.74000001,
,,,-877.999961376E-3,3.75999999,
,,,-876.999974251E-3,3.75999999,
,,,-875.999987125E-3,3.74000001,
,,,-875.000000000E-3,3.74000001,
,,,-873.999953270E-3,3.75999999,
,,,-872.999966145E-3,3.75999999,
,,,-871.999979019E-3,3.74000001,
,,,-870.999991894E-3,3.75999999,
,,,-870.000004768E-3,3.75999999,
,,,-868.999958038E-3,3.75999999,
,,,-867.999970913E-3,3.74000001,
,,,-866.999983788E-3,3.74000001,
,,,-865.999996662E-3,3.74000001,
,,,-865.000009537E-3,3.75999999,
,,,-863.999962807E-3,3.75999999,
,,,-862.999975681E-3,3.74000001,
,,,-861.999988556E-3,3.75999999,
,,,-861.000001431E-3,3.75999999,
,,,-859.999954700E-3,3.75999999,
,,,-858.999967575E-3,3.74000001,
,,,-857.999980450E-3,3.75999999,
,,,-856.999993324E-3,3.75999999,
,,,-856.000006199E-3,3.75999999,
,,,-854.999959469E-3,3.75999999,
,,,-853.999972343E-3,3.77999997,
,,,-852.999985218E-3,3.75999999,
,,,-851.999998093E-3,3.75999999,
,,,-850.999951363E-3,3.77999997,
,,,-849.999964237E-3,3.75999999,
,,,-848.999977112E-3,3.77999997,
,,,-847.999989986E-3,3.77999997,
,,,-847.000002861E-3,3.75999999,
,,,-845.999956131E-3,3.77999997,
,,,-844.999969006E-3,3.75999999,
,,,-843.999981880E-3,3.75999999,
,,,-842.999994755E-3,3.77999997,
,,,-842.000007629E-3,3.75999999,
,,,-840.999960899E-3,3.75999999,
,,,-839.999973774E-3,3.75999999,
,,,-838.999986649E-3,3.77999997,
,,,-837.999999523E-3,3.75999999,
,,,-836.999952793E-3,3.75999999,
,,,-835.999965668E-3,3.75999999,
,,,-834.999978542E-3,3.77999997,
,,,-833.999991417E-3,3.77999997,
,,,-833.000004292E-3,3.75999999,
,,,-831.999957561E-3,3.75999999,
,,,-830.999970436E-3,3.77999997,
,,,-829.999983311E-3,3.77999997,
,,,-828.999996185E-3,3.75999999,
,,,-828.000009060E-3,3.75999999,
,,,-826.999962330E-3,3.75999999,
,,,-825.999975204E-3,3.77999997,
,,,-824.999988079E-3,3.75999999,
,,,-824.000000954E-3,3.77999997,
,,,-822.999954224E-3,3.77999997,
,,,-821.999967098E-3,3.77999997,
,,,-820.999979973E-3,3.77999997,
,,,-819.999992847E-3,3.77999997,
,,,-819.000005722E-3,3.77999997,
,,,-817.999958992E-3,3.77999997,
,,,-816.999971867E-3,3.75999999,
,,,-815.999984741E-3,3.77999997,
,,,-814.999997616E-3,3.77999997,
,,,-813.999950886E-3,3.77999997,
,,,-812.999963760E-3,3.77999997,
,,,-811.999976635E-3,3.77999997,
,,,-810.999989510E-3,3.77999997,
,,,-810.000002384E-3,3.75999999,
,,,-808.999955654E-3,3.77999997,
,,,-807.999968529E-3,3.77999997,
,,,-806.999981403E-3,3.77999997,
,,,-805.999994278E-3,3.77999997,
,,,-805.000007153E-3,3.77999997,
,,,-803.999960423E-3,3.75999999,
,,,-802.999973297E-3,3.77999997,
,,,-801.999986172E-3,3.77999997,
,,,-800.999999046E-3,3.75999999,
,,,-799.999952316E-3,3.77999997,
,,,-798.999965191E-3,3.77999997,
,,,-797.999978065E-3,3.77999997,
,,,-796.999990940E-3,3.77999997,
,,,-796.000003815E-3,3.77999997,
,,,-794.999957085E-3,3.75999999,
,,,-793.999969959E-3,3.77999997,
,,,-792.999982834E-3,3.75999999,
,,,-791.999995708E-3,3.77999997,
,,,-790.999948978E-3,3.77999997,
,,,-789.999961853E-3,3.77999997,
,,,-788.999974728E-3,3.75999999,
,,,-787.999987602E-3,3.79999995,
,,,-787.000000477E-3,3.77999997,
,,,-785.999953747E-3,3.77999997,
,,,-784.999966621E-3,3.77999997,
,,,-783.999979496E-3,3.75999999,
,,,-782.999992371E-3,3.77999997,
,,,-782.000005245E-3,3.77999997,
,,,-780.999958515E-3,3.77999997,
,,,-779.999971390E-3,3.77999997,
,,,-778.999984264E-3,3.77999997,
,,,-777.999997139E-3,3.77999997,
,,,-776.999950409E-3,3.77999997,
,,,-775.999963284E-3,3.77999997,
,,,-774.999976158E-3,3.77999997,
,,,-773.999989033E-3,3.77999997,
,,,-773.000001907E-3,3.77999997,
,,,-771.999955177E-3,3.77999997,
,,,-770.999968052E-3,3.77999997,
,,,-769.999980927E-3,3.77999997,
,,,-768.999993801E-3,3.77999997,
,,,-768.000006676E-3,3.77999997,
,,,-766.999959946E-3,3.77999997,
,,,-765.999972820E-3,3.77999997,
,,,-764.999985695E-3,3.77999997,
,,,-763.999998569E-3,3.77999997,
,,,-762.999951839E-3,3.77999997,
,,,-761.999964714E-3,3.75999999,
,,,-760.999977589E-3,3.77999997,
,,,-759.999990463E-3,3.77999997,
,,,-759.000003338E-3,3.77999997,
,,,-757.999956608E-3,3.77999997,
,,,-756.999969482E-3,3.77999997,
,,,-755.999982357E-3,3.77999997,
,,,-754.999995232E-3,3.77999997,
,,,-753.999948502E-3,3.75999999,
,,,-752.999961376E-3,3.75999999,
,,,-751.999974251E-3,3.77999997,
,,,-750.999987125E-3,3.79999995,
,,,-750.000000000E-3,3.77999997,
,,,-748.999953270E-3,3.77999997,
,,,-747.999966145E-3,3.75999999,
,,,-746.999979019E-3,3.77999997,
,,,-745.999991894E-3,3.77999997,
,,,-745.000004768E-3,3.77999997,
,,,-743.999958038E-3,3.77999997,
,,,-742.999970913E-3,3.77999997,
,,,-741.999983788E-3,3.77999997,
,,,-740.999996662E-3,3.77999997,
,,,-739.999949932E-3,3.77999997,
,,,-738.999962807E-3,3.77999997,
,,,-737.999975681E-3,3.75999999,
,,,-736.999988556E-3,3.77999997,
,,,-736.000001431E-3,3.77999997,
,,,-734.999954700E-3,3.77999997,
,,,-733.999967575E-3,3.75999999,
,,,-732.999980450E-3,3.75999999,
,,,-731.999993324E-3,3.77999997,
,,,-730.999946594E-3,3.77999997,
,,,-729.999959469E-3,3.77999997,
,,,-728.999972343E-3,3.77999997,
,,,-727.999985218E-3,3.77999997,
,,,-726.999998093E-3,3.77999997,
,,,-725.999951363E-3,3.77999997,
,,,-724.999964237E-3,3.77999997,
,,,-723.999977112E-3,3.77999997,
,,,-722.999989986E-3,3.77999997,
,,,-722.000002861E-3,3.77999997,
,,,-720.999956131E-3,3.77999997,
,,,-719.999969006E-3,3.77999997,
,,,-718.999981880E-3,3.77999997,
,,,-717.999994755E-3,3.75999999,
,,,-716.999948025E-3,3.77999997,
,,,-715.999960899E-3,3.77999997,
,,,-714.999973774E-3,3.77999997,
,,,-713.999986649E-3,3.77999997,
,,,-712.999999523E-3,3.77999997,
,,,-711.999952793E-3,3.77999997,
,,,-710.999965668E-3,3.75999999,
,,,-709.999978542E-3,3.77999997,
,,,-708.999991417E-3,3.77999997,
,,,-707.999944687E-3,3.75999999,
,,,-706.999957561E-3,3.77999997,
,,,-705.999970436E-3,3.75999999,
,,,-704.999983311E-3,3.77999997,
,,,-703.999996185E-3,3.77999997,
,,,-702.999949455E-3,3.77999997,
,,,-701.999962330E-3,3.77999997,
,,,-700.999975204E-3,3.79999995,
,,,-699.999988079E-3,3.77999997,
,,,-699.000000954E-3,3.75999999,
,,,-697.999954224E-3,3.75999999,
,,,-696.999967098E-3,3.77999997,
,,,-695.999979973E-3,3.77999997,
,,,-694.999992847E-3,3.77999997,
,,,-693.999946117E-3,3.77999997,
,,,-692.999958992E-3,3.77999997,
,,,-691.999971867E-3,3.75999999,
,,,-690.999984741E-3,3.77999997,
,,,-689.999997616E-3,3.77999997,
,,,-688.999950886E-3,3.75999999,
,,,-687.999963760E-3,3.77999997,
,,,-686.999976635E-3,3.77999997,
,,,-685.999989510E-3,3.77999997,
,,,-685.000002384E-3,3.77999997,
,,,-683.999955654E-3,3.79999995,
,,,-682.999968529E-3,3.77999997,
,,,-681.999981403E-3,3.75999999,
,,,-680.999994278E-3,3.77999997,
,,,-679.999947548E-3,3.77999997,
,,,-678.999960423E-3,3.77999997,
,,,-677.999973297E-3,3.77999997,
,,,-676.999986172E-3,3.75999999,
,,,-675.999999046E-3,3.77999997,
,,,-674.999952316E-3,3.77999997,
,,,-673.999965191E-3,3.77999997,
,,,-672.999978065E-3,3.77999997,
,,,-671.999990940E-3,3.77999997,
,,,-670.999944210E-3,3.77999997,
,,,-669.999957085E-3,3.75999999,
,,,-668.999969959E-3,3.75999999,
,,,-667.999982834E-3,3.79999995,
,,,-666.999995708E-3,3.77999997,
,,,-665.999948978E-3,3.77999997,
,,,-664.999961853E-3,3.77999997,
,,,-663.999974728E-3,3.75999999,
,,,-662.999987602E-3,3.79999995,
,,,-662.000000477E-3,3.77999997,
,,,-660.999953747E-3,3.77999997,
,,,-659.999966621E-3,3.75999999,
,,,-658.999979496E-3,3.77999997,
,,,-657.999992371E-3,3.77999997,
,,,-656.999945641E-3,3.79999995,
,,,-655.999958515E-3,3.77999997,
,,,-654.999971390E-3,3.77999997,
,,,-653.999984264E-3,3.77999997,
,,,-652.999997139E-3,3.77999997,
,,,-651.999950409E-3,3.77999997,
,,,-650.999963284E-3,3.79999995,
,,,-649.999976158E-3,3.77999997,
,,,-648.999989033E-3,3.77999997,
,,,-647.999942303E-3,3.77999997,
,,,-646.999955177E-3,3.77999997,
,,,-645.999968052E-3,3.79999995,
,,,-644.999980927E-3,3.77999997,
,,,-643.999993801E-3,3.77999997,
,,,-642.999947071E-3,3.77999997,
,,,-641.999959946E-3,3.77999997,
,,,-640.999972820E-3,3.77999997,
,,,-639.999985695E-3,3.77999997,
,,,-638.999998569E-3,3.77999997,
,,,-637.999951839E-3,3.77999997,
,,,-636.999964714E-3,3.75999999,
,,,-635.999977589E-3,3.77999997,
,,,-634.999990463E-3,3.77999997,
,,,-633.999943733E-3,3.77999997,
,,,-632.999956608E-3,3.77999997,
,,,-631.999969482E-3,3.77999997,
,,,-630.999982357E-3,3.77999997,
,,,-629.999995232E-3,3.77999997,
,,,-628.999948502E-3,3.75999999,
,,,-627.999961376E-3,3.77999997,
,,,-626.999974251E-3,3.77999997,
,,,-625.999987125E-3,3.77999997,
,,,-625.000000000E-3,3.77999997,
,,,-623.999953270E-3,3.79999995,
,,,-622.999966145E-3,3.77999997,
,,,-621.999979019E-3,3.77999997,
,,,-620.999991894E-3,3.77999997,
,,,-619.999945164E-3,3.77999997,
,,,-618.999958038E-3,3.77999997,
,,,-617.999970913E-3,3.77999997,
,,,-616.999983788E-3,3.79999995,
,,,-615.999996662E-3,3.77999997,
,,,-614.999949932E-3,3.77999997,
,,,-613.999962807E-3,3.77999997,
,,,-612.999975681E-3,3.77999997,
,,,-611.999988556E-3,3.77999997,
,,,-610.999941826E-3,3.77999997,
,,,-609.999954700E-3,3.77999997,
,,,-608.999967575E-3,3.77999997,
,,,-607.999980450E-3,3.77999997,
,,,-606.999993324E-3,3.77999997,
,,,-605.999946594E-3,3.77999997,
,,,-604.999959469E-3,3.77999997,
,,,-603.999972343E-3,3.79999995,
,,,-602.999985218E-3,3.75999999,
,,,-601.999998093E-3,3.77999997,
,,,-600.999951363E-3,3.75999999,
,,,-599.999964237E-3,3.77999997,
,,,-598.999977112E-3,3.77999997,
,,,-597.999989986E-3,3.77999997,
,,,-596.999943256E-3,3.79999995,
,,,-595.999956131E-3,3.77999997,
,,,-594.999969006E-3,3.77999997,
,,,-593.999981880E-3,3.77999997,
,,,-592.999994755E-3,3.77999997,
,,,-591.999948025E-3,3.77999997,
,,,-590.999960899E-3,3.77999997,
,,,-589.999973774E-3,3.77999997,
,,,-588.999986649E-3,3.77999997,
,,,-587.999939919E-3,3.77999997,
,,,-586.999952793E-3,3.77999997,
,,,-585.999965668E-3,3.77999997,
,,,-584.999978542E-3,3.77999997,
,,,-583.999991417E-3,3.77999997,
,,,-582.999944687E-3,3.77999997,
,,,-581.999957561E-3,3.77999997,
,,,-580.999970436E-3,3.77999997,
,,,-579.999983311E-3,3.77999997,
,,,-578.999996185E-3,3.77999997,
,,,-577.999949455E-3,3.77999997,
,,,-576.999962330E-3,3.77999997,
,,,-575.999975204E-3,3.77999997,
,,,-574.999988079E-3,3.77999997,
,,,-573.999941349E-3,3.75999999,
,,,-572.999954224E-3,3.75999999,
,,,-571.999967098E-3,3.77999997,
,,,-570.999979973E-3,3.77999997,
,,,-569.999992847E-3,3.77999997,
,,,-568.999946117E-3,3.77999997,
,,,-567.999958992E-3,3.77999997,
,,,-566.999971867E-3,3.77999997,
,,,-565.999984741E-3,3.77999997,
,,,-564.999938011E-3,3.75999999,
,,,-563.999950886E-3,3.77999997,
,,,-562.999963760E-3,3.75999999,
,,,-561.999976635E-3,3.77999997,
,,,-560.999989510E-3,3.77999997,
,,,-559.999942780E-3,3.77999997,
,,,-558.999955654E-3,3.77999997,
,,,-557.999968529E-3,3.77999997,
,,,-556.999981403E-3,3.77999997,
,,,-555.999994278E-3,3.77999997,
,,,-554.999947548E-3,3.77999997,
,,,-553.999960423E-3,3.77999997,
,,,-552.999973297E-3,3.77999997,
,,,-551.999986172E-3,3.77999997,
,,,-550.999939442E-3,3.77999997,
,,,-549.999952316E-3,3.75999999,
,,,-548.999965191E-3,3.77999997,
,,,-547.999978065E-3,3.77999997,
,,,-546.999990940E-3,3.77999997,
,,,-545.999944210E-3,3.77999997,
,,,-544.999957085E-3,3.77999997,
,,,-543.999969959E-3,3.77999997,
,,,-542.999982834E-3,3.77999997,
,,,-541.999995708E-3,3.77999997,
,,,-540.999948978E-3,3.77999997,
,,,-539.999961853E-3,3.77999997,
,,,-538.999974728E-3,3.77999997,
,,,-537.999987602E-3,3.77999997,
,,,-536.999940872E-3,3.77999997,
,,,-535.999953747E-3,3.77999997,
,,,-534.999966621E-3,3.77999997,
,,,-533.999979496E-3,3.77999997,
,,,-532.999992371E-3,3.77999997,
,,,-531.999945641E-3,3.77999997,
,,,-530.999958515E-3,3.77999997,
,,,-529.999971390E-3,3.77999997,
,,,-528.999984264E-3,3.77999997,
,,,-527.999937534E-3,3.75999999,
,,,-526.999950409E-3,3.75999999,
,,,-525.999963284E-3,3.75999999,
,,,-524.999976158E-3,3.77999997,
,,,-523.999989033E-3,3.74000001,
,,,-522.999942303E-3,3.72000003,
,,,-521.999955177E-3,3.69999981,
,,,-520.999968052E-3,3.65999985,
,,,-519.999980927E-3,3.59999990,
,,,-518.999993801E-3,3.57999992,
,,,-517.999947071E-3,3.51999998,
,,,-516.999959946E-3,3.48000002,
,,,-515.999972820E-3,3.43999982,
,,,-514.999985695E-3,3.35999990,
,,,-513.999938965E-3,3.29999995,
,,,-512.999951839E-3,3.24000001,
,,,-511.999964714E-3,3.19999981,
,,,-510.999977589E-3,3.13999987,
,,,-509.999990463E-3,3.09999990,
,,,-508.999943733E-3,3.03999996,
,,,-507.999956608E-3,3.01999998,
,,,-506.999969482E-3,2.93999982,
,,,-505.999982357E-3,2.89999986,
,,,-504.999935627E-3,2.85999990,
,,,-503.999948502E-3,2.81999993,
,,,-502.999961376E-3,2.75999999,
,,,-501.999974251E-3,2.72000003,
,,,-500.999987125E-3,2.6599998,
,,,-499.999970198E-3,2.6399999,
,,,-498.999953270E-3,2.5799999,
,,,-497.999966145E-3,2.5400000,
,,,-496.999979019E-3,2.5000000,
,,,-495.999962091E-3,2.4800000,
,,,-494.999974966E-3,2.4199998,
,,,-493.999958038E-3,2.3999999,
,,,-492.999970913E-3,2.3599999,
,,,-491.999953985E-3,2.3399999,
,,,-490.999966860E-3,2.2800000,
,,,-489.999949932E-3,2.2400000,
,,,-488.999962807E-3,2.2200000,
,,,-487.999975681E-3,2.2000000,
,,,-486.999958754E-3,2.1599998,
,,,-485.999971628E-3,2.1199999,
,,,-484.999954700E-3,2.0999999,
,,,-483.999967575E-3,2.0799999,
,,,-482.999950647E-3,2.0400000,
,,,-481.999963522E-3,2.0400000,
,,,-480.999976397E-3,2.0000000,
,,,-479.999959469E-3,1.9799999,
,,,-478.999972343E-3,1.9399999,
,,,-477.999955416E-3,1.9399999,
,,,-476.999968290E-3,1.9000000,
,,,-475.999951363E-3,1.8800000,
,,,-474.999964237E-3,1.8600000,
,,,-473.999977112E-3,1.8600000,
,,,-472.999960184E-3,1.8199999,
,,,-471.999973059E-3,1.8199999,
,,,-470.999956131E-3,1.8000000,
,,,-469.999969006E-3,1.7800000,
,,,-468.999952078E-3,1.7400000,
,,,-467.999964952E-3,1.7400000,
,,,-466.999948025E-3,1.7199999,
,,,-465.999960899E-3,1.7199999,
,,,-464.999973774E-3,1.6799999,
,,,-463.999956846E-3,1.6799999,
,,,-462.999969721E-3,1.6600000,
,,,-461.999952793E-3,1.6600000,
,,,-460.999965668E-3,1.6400000,
,,,-459.999948740E-3,1.6200000,
,,,-458.999961615E-3,1.6200000,
,,,-457.999974489E-3,1.5799999,
,,,-456.999957561E-3,1.5799999,
,,,-455.999970436E-3,1.5799999,
,,,-454.999953508E-3,1.5799999,
,,,-453.999966383E-3,1.5599999,
,,,-452.999949455E-3,1.5400000,
,,,-451.999962330E-3,1.5200000,
,,,-450.999975204E-3,1.5200000,
,,,-449.999958277E-3,1.5200000,
,,,-448.999971151E-3,1.5000000,
,,,-447.999954224E-3,1.4800000,
,,,-446.999967098E-3,1.5000000,
,,,-445.999950171E-3,1.5000000,
,,,-444.999963045E-3,1.4800000,
,,,-443.999975920E-3,1.4599999,
,,,-442.999958992E-3,1.4800000,
,,,-441.999971867E-3,1.4599999,
,,,-440.999954939E-3,1.4399999,
,,,-439.999967813E-3,1.4399999,
,,,-438.999950886E-3,1.4399999,
,,,-437.999963760E-3,1.4399999,
,,,-436.999946833E-3,1.4000000,
,,,-435.999959707E-3,1.4200000,
,,,-434.999972582E-3,1.4200000,
,,,-433.999955654E-3,1.4000000,
,,,-432.999968529E-3,1.4000000,
,,,-431.999951601E-3,1.3800000,
,,,-430.999964476E-3,1.3800000,
,,,-429.999947548E-3,1.3800000,
,,,-428.999960423E-3,1.3600000,
,,,-427.999973297E-3,1.3600000,
,,,-426.999956369E-3,1.3800000,
,,,-425.999969244E-3,1.3600000,
,,,-424.999952316E-3,1.3600000,
,,,-423.999965191E-3,1.3600000,
,,,-422.999948263E-3,1.3399999,
,,,-421.999961138E-3,1.3399999,
,,,-420.999974012E-3,1.3600000,
,,,-419.999957085E-3,1.3399999,
,,,-418.999969959E-3,1.3399999,
,,,-417.999953032E-3,1.3399999,
,,,-416.999965906E-3,1.3399999,
,,,-415.999948978E-3,1.3199999,
,,,-414.999961853E-3,1.3199999,
,,,-413.999974728E-3,1.3199999,
,,,-412.999957800E-3,1.3199999,
,,,-411.999970675E-3,1.3000000,
,,,-410.999953747E-3,1.3199999,
,,,-409.999966621E-3,1.3199999,
,,,-408.999949694E-3,1.2800000,
,,,-407.999962568E-3,1.3000000,
,,,-406.999945641E-3,1.3000000,
,,,-405.999958515E-3,1.3000000,
,,,-404.999971390E-3,1.3000000,
,,,-403.999954462E-3,1.2800000,
,,,-402.99996734E-3,1.3000000,
,,,-401.99995041E-3,1.3000000,
,,,-400.99996328E-3,1.2800000,
,,,-399.99994636E-3,1.3000000,
,,,-398.99995923E-3,1.2800000,
,,,-397.99997211E-3,1.2800000,
,,,-396.99995518E-3,1.2800000,
,,,-395.99996805E-3,1.2800000,
,,,-394.99995112E-3,1.2800000,
,,,-393.99996400E-3,1.2800000,
,,,-392.99994707E-3,1.2800000,
,,,-391.99995995E-3,1.2800000,
,,,-390.99997282E-3,1.2800000,
,,,-389.99995589E-3,1.2800000,
,,,-388.99996877E-3,1.2800000,
,,,-387.99995184E-3,1.2600000,
,,,-386.99996471E-3,1.2600000,
,,,-385.99994779E-3,1.2600000,
,,,-384.99996066E-3,1.2600000,
,,,-383.99997354E-3,1.2800000,
,,,-382.99995661E-3,1.2800000,
,,,-381.99996948E-3,1.2600000,
,,,-380.99995255E-3,1.2600000,
,,,-379.99996543E-3,1.2600000,
,,,-378.99994850E-3,1.2600000,
,,,-377.99996138E-3,1.2400000,
,,,-376.99994445E-3,1.2400000,
,,,-375.99995732E-3,1.2600000,
,,,-374.99997020E-3,1.2600000,
,,,-373.99995327E-3,1.2600000,
,,,-372.99996614E-3,1.2600000,
,,,-371.99994922E-3,1.2400000,
,,,-370.99996209E-3,1.2600000,
,,,-369.99994516E-3,1.2400000,
,,,-368.99995804E-3,1.2400000,
,,,-367.99997091E-3,1.2600000,
,,,-366.99995399E-3,1.2400000,
,,,-365.99996686E-3,1.2400000,
,,,-364.99994993E-3,1.2400000,
,,,-363.99996281E-3,1.2600000,
,,,-362.99994588E-3,1.2600000,
,,,-361.99995875E-3,1.2400000,
,,,-360.99997163E-3,1.2400000,
,,,-359.99995470E-3,1.2600000,
,,,-358.99996758E-3,1.2400000,
,,,-357.99995065E-3,1.2400000,
,,,-356.99996352E-3,1.2400000,
,,,-355.99994659E-3,1.2400000,
,,,-354.99995947E-3,1.2400000,
,,,-353.99997234E-3,1.2400000,
,,,-352.99995542E-3,1.2400000,
,,,-351.99996829E-3,1.2400000,
,,,-350.99995136E-3,1.2400000,
,,,-349.99996424E-3,1.2400000,
,,,-348.99994731E-3,1.2400000,
,,,-347.99996018E-3,1.2400000,
,,,-346.99994326E-3,1.2400000,
,,,-345.99995613E-3,1.2400000,
,,,-344.99996901E-3,1.2400000,
,,,-343.99995208E-3,1.2600000,
,,,-342.99996495E-3,1.2200000,
,,,-341.99994802E-3,1.2400000,
,,,-340.99996090E-3,1.2400000,
,,,-339.99994397E-3,1.2200000,
,,,-338.99995685E-3,1.2400000,
,,,-337.99996972E-3,1.2400000,
,,,-336.99995279E-3,1.2200000,
,,,-335.99996567E-3,1.2200000,
,,,-334.99994874E-3,1.2400000,
,,,-333.99996161E-3,1.2200000,
,,,-332.99994469E-3,1.2200000,
,,,-331.99995756E-3,1.2200000,
,,,-330.99997044E-3,1.2400000,
,,,-329.99995351E-3,1.2200000,
,,,-328.99996638E-3,1.2400000,
,,,-327.99994946E-3,1.2200000,
,,,-326.99996233E-3,1.2200000,
,,,-325.99994540E-3,1.2200000,
,,,-324.99995828E-3,1.2200000,
,,,-323.99994135E-3,1.2200000,
,,,-322.99995422E-3,1.2400000,
,,,-321.99996710E-3,1.2200000,
,,,-320.99995017E-3,1.2200000,
,,,-319.99996305E-3,1.2200000,
,,,-318.99994612E-3,1.2200000,
,,,-317.99995899E-3,1.1999999,
,,,-316.99994206E-3,1.2400000,
,,,-315.99995494E-3,1.2200000,
,,,-314.99996781E-3,1.2400000,
,,,-313.99995089E-3,1.2400000,
,,,-312.99996376E-3,1.2200000,
,,,-311.99994683E-3,1.2200000,
,,,-310.99995971E-3,1.2400000,
,,,-309.99994278E-3,1.2200000,
,,,-308.99995565E-3,1.2200000,
,,,-307.99996853E-3,1.2200000,
,,,-306.99995160E-3,1.2200000,
,,,-305.99996448E-3,1.2200000,
,,,-304.99994755E-3,1.2400000,
,,,-303.99996042E-3,1.2400000,
,,,-302.99994349E-3,1.2400000,
,,,-301.99995637E-3,1.2200000,
,,,-300.99996924E-3,1.2400000,
,,,-299.99995232E-3,1.2200000,
,,,-298.99996519E-3,1.2200000,
,,,-297.99994826E-3,1.2200000,
,,,-296.99996114E-3,1.2400000,
,,,-295.99994421E-3,1.2200000,
,,,-294.99995708E-3,1.2200000,
,,,-293.99994016E-3,1.2400000,
,,,-292.99995303E-3,1.2200000,
,,,-291.99996591E-3,1.2200000,
,,,-290.99994898E-3,1.2200000,
,,,-289.99996185E-3,1.1999999,
,,,-288.99994493E-3,1.2200000,
,,,-287.99995780E-3,1.2200000,
,,,-286.99994087E-3,1.2200000,
,,,-285.99995375E-3,1.2200000,
,,,-284.99996662E-3,1.2200000,
,,,-283.99994969E-3,1.2400000,
,,,-282.99996257E-3,1.2400000,
,,,-281.99994564E-3,1.2400000,
,,,-280.99995852E-3,1.2200000,
,,,-279.99994159E-3,1.1999999,
,,,-278.99995446E-3,1.2200000,
,,,-277.99996734E-3,1.2200000,
,,,-276.99995041E-3,1.2200000,
,,,-275.99996328E-3,1.2200000,
,,,-274.99994636E-3,1.2200000,
,,,-273.99995923E-3,1.2400000,
,,,-272.99994230E-3,1.2200000,
,,,-271.99995518E-3,1.2200000,
,,,-270.99996805E-3,1.2400000,
,,,-269.99995112E-3,1.2200000,
,,,-268.99996400E-3,1.1999999,
,,,-267.99994707E-3,1.2200000,
,,,-266.99995995E-3,1.2400000,
,,,-265.99994302E-3,1.2200000,
,,,-264.99995589E-3,1.2200000,
,,,-263.99993896E-3,1.2200000,
,,,-262.99995184E-3,1.2200000,
,,,-261.99996471E-3,1.2200000,
,,,-260.99994779E-3,1.2200000,
,,,-259.99996066E-3,1.2200000,
,,,-258.99994373E-3,1.2200000,
,,,-257.99995661E-3,1.2200000,
,,,-256.99993968E-3,1.2400000,
,,,-255.99995255E-3,1.2200000,
,,,-254.99996543E-3,1.1999999,
,,,-253.99994850E-3,1.2400000,
,,,-252.99996138E-3,1.1999999,
,,,-251.99994445E-3,1.2200000,
,,,-250.99995732E-3,1.2200000,
,,,-249.99995530E-3,1.2200000,
,,,-248.99995327E-3,1.2200000,
,,,-247.99995124E-3,1.1999999,
,,,-246.99994922E-3,1.2200000,
,,,-245.99994719E-3,1.2200000,
,,,-244.99994516E-3,1.2200000,
,,,-243.99995804E-3,1.2200000,
,,,-242.99995601E-3,1.2400000,
,,,-241.99995399E-3,1.2400000,
,,,-240.99995196E-3,1.1999999,
,,,-239.99994993E-3,1.1999999,
,,,-238.99994791E-3,1.2200000,
,,,-237.99994588E-3,1.2200000,
,,,-236.99995875E-3,1.2400000,
,,,-235.99995673E-3,1.2400000,
,,,-234.99995470E-3,1.1999999,
,,,-233.99995267E-3,1.2200000,
,,,-232.99995065E-3,1.2200000,
,,,-231.99994862E-3,1.2200000,
,,,-230.99994659E-3,1.2400000,
,,,-229.99994457E-3,1.2200000,
,,,-228.99995744E-3,1.2200000,
,,,-227.99995542E-3,1.2200000,
,,,-226.99995339E-3,1.2200000,
,,,-225.99995136E-3,1.2200000,
,,,-224.99994934E-3,1.2200000,
,,,-223.99994731E-3,1.2200000,
,,,-222.99994528E-3,1.2200000,
,,,-221.99995816E-3,1.2200000,
,,,-220.99995613E-3,1.2200000,
,,,-219.99995410E-3,1.2200000,
,,,-218.99995208E-3,1.2200000,
,,,-217.99995005E-3,1.2200000,
,,,-216.99994802E-3,1.1999999,
,,,-215.99994600E-3,1.2200000,
,,,-214.99994397E-3,1.1999999,
,,,-213.99995685E-3,1.2400000,
,,,-212.99995482E-3,1.2200000,
,,,-211.99995279E-3,1.2400000,
,,,-210.99995077E-3,1.2200000,
,,,-209.99994874E-3,1.2200000,
,,,-208.99994671E-3,1.2400000,
,,,-207.99994469E-3,1.2200000,
,,,-206.99995756E-3,1.2400000,
,,,-205.99995553E-3,1.2200000,
,,,-204.99995351E-3,1.2200000,
,,,-203.99995148E-3,1.2200000,
,,,-202.99994946E-3,1.2200000,
,,,-201.99994743E-3,1.1999999,
,,,-200.99994540E-3,1.2200000,
,,,-199.99994338E-3,1.2200000,
,,,-198.99995625E-3,1.2400000,
,,,-197.99995422E-3,1.2200000,
,,,-196.99995220E-3,1.2400000,
,,,-195.99995017E-3,1.2400000,
,,,-194.99994814E-3,1.2200000,
,,,-193.99994612E-3,1.2400000,
,,,-192.99994409E-3,1.2200000,
,,,-191.99995697E-3,1.2200000,
,,,-190.99995494E-3,1.2200000,
,,,-189.99995291E-3,1.2200000,
,,,-188.99995089E-3,1.2200000,
,,,-187.99994886E-3,1.2200000,
,,,-186.99994683E-3,1.2200000,
,,,-185.99994481E-3,1.2200000,
,,,-184.99994278E-3,1.2200000,
,,,-183.99995565E-3,1.1999999,
,,,-182.99995363E-3,1.2400000,
,,,-181.99995160E-3,1.2200000,
,,,-180.99994957E-3,1.2200000,
,,,-179.99994755E-3,1.2200000,
,,,-178.99994552E-3,1.2200000,
,,,-177.99994349E-3,1.2200000,
,,,-176.99995637E-3,1.2200000,
,,,-175.99995434E-3,1.2200000,
,,,-174.99995232E-3,1.1999999,
,,,-173.99995029E-3,1.2200000,
,,,-172.99994826E-3,1.2200000,
,,,-171.99994624E-3,1.2400000,
,,,-170.99994421E-3,1.2200000,
,,,-169.99994218E-3,1.2200000,
,,,-168.99995506E-3,1.2400000,
,,,-167.99995303E-3,1.2400000,
,,,-166.99995100E-3,1.2400000,
,,,-165.99994898E-3,1.2200000,
,,,-164.99994695E-3,1.2200000,
,,,-163.99994493E-3,1.2200000,
,,,-162.99994290E-3,1.2200000,
,,,-161.99994087E-3,1.2200000,
,,,-160.99995375E-3,1.2200000,
,,,-159.99995172E-3,1.2200000,
,,,-158.99994969E-3,1.1999999,
,,,-157.99994767E-3,1.2200000,
,,,-156.99994564E-3,1.2200000,
,,,-155.99994361E-3,1.2200000,
,,,-154.99994159E-3,1.2200000,
,,,-153.99995446E-3,1.2200000,
,,,-152.99995244E-3,1.2200000,
,,,-151.99995041E-3,1.2200000,
,,,-150.99994838E-3,1.2200000,
,,,-149.99994636E-3,1.2200000,
,,,-148.99994433E-3,1.2200000,
,,,-147.9999423E-3,1.2200000,
,,,-146.9999403E-3,1.2200000,
,,,-145.9999532E-3,1.2400000,
,,,-144.9999511E-3,1.2200000,
,,,-143.9999491E-3,1.2200000,
,,,-142.9999471E-3,1.2200000,
,,,-141.9999450E-3,1.2200000,
,,,-140.9999430E-3,1.2200000,
,,,-139.9999410E-3,1.2200000,
,,,-138.9999539E-3,1.2200000,
,,,-137.9999518E-3,1.2200000,
,,,-136.9999498E-3,1.2200000,
,,,-135.9999478E-3,1.2200000,
,,,-134.9999458E-3,1.2200000,
,,,-133.9999437E-3,1.2200000,
,,,-132.9999417E-3,1.2400000,
,,,-131.9999397E-3,1.2200000,
,,,-130.9999526E-3,1.2200000,
,,,-129.9999505E-3,1.2200000,
,,,-128.9999485E-3,1.2200000,
,,,-127.9999465E-3,1.2200000,
,,,-126.9999444E-3,1.2200000,
,,,-125.9999424E-3,1.2400000,
,,,-124.9999478E-3,1.2200000,
,,,-123.9999458E-3,1.2200000,
,,,-122.9999438E-3,1.2400000,
,,,-121.9999492E-3,1.2400000,
,,,-120.9999472E-3,1.2200000,
,,,-119.9999452E-3,1.2400000,
,,,-118.9999431E-3,1.2200000,
,,,-117.9999486E-3,1.2200000,
,,,-116.9999465E-3,1.2400000,
,,,-115.9999445E-3,1.2200000,
,,,-114.9999425E-3,1.2200000,
,,,-113.9999479E-3,1.2200000,
,,,-112.9999459E-3,1.2200000,
,,,-111.9999439E-3,1.2200000,
,,,-110.9999493E-3,1.2200000,
,,,-109.9999472E-3,1.2400000,
,,,-108.9999452E-3,1.2200000,
,,,-107.9999432E-3,1.2200000,
,,,-106.9999486E-3,1.2200000,
,,,-105.9999466E-3,1.2200000,
,,,-104.9999446E-3,1.2200000,
,,,-103.9999425E-3,1.2400000,
,,,-102.9999480E-3,1.1999999,
,,,-101.9999459E-3,1.2200000,
,,,-100.9999439E-3,1.2200000,
,,,-99.999941885E-3,1.2400000,
,,,-98.999947309E-3,1.2200000,
,,,-97.999945283E-3,1.2200000,
,,,-96.999943256E-3,1.2200000,
,,,-95.999948680E-3,1.2200000,
,,,-94.999946654E-3,1.2200000,
,,,-93.999944627E-3,1.2200000,
,,,-92.999942601E-3,1.1999999,
,,,-91.999948025E-3,1.2200000,
,,,-90.999945998E-3,1.2400000,
,,,-89.999943972E-3,1.2200000,
,,,-88.999941945E-3,1.2400000,
,,,-87.999947369E-3,1.2200000,
,,,-86.999945343E-3,1.2200000,
,,,-85.999943316E-3,1.2200000,
,,,-84.999941289E-3,1.1999999,
,,,-83.999946713E-3,1.1999999,
,,,-82.999944687E-3,1.2200000,
,,,-81.999942660E-3,1.2200000,
,,,-80.999948084E-3,1.2400000,
,,,-79.999946058E-3,1.2200000,
,,,-78.999944031E-3,1.2200000,
,,,-77.999942005E-3,1.2200000,
,,,-76.999947429E-3,1.2400000,
,,,-75.999945402E-3,1.1999999,
,,,-74.999943376E-3,1.2200000,
,,,-73.999941349E-3,1.2200000,
,,,-72.999946773E-3,1.2400000,
,,,-71.999944746E-3,1.2400000,
,,,-70.999942720E-3,1.2400000,
,,,-69.999940693E-3,1.2200000,
,,,-68.999946117E-3,1.2200000,
,,,-67.999944091E-3,1.2200000,
,,,-66.999942064E-3,1.2200000,
,,,-65.999940038E-3,1.1999999,
,,,-64.999945462E-3,1.2200000,
,,,-63.999943435E-3,1.2200000,
,,,-62.999941409E-3,1.2200000,
,,,-61.999943107E-3,1.2200000,
,,,-60.999944806E-3,1.2200000,
,,,-59.999942780E-3,1.2200000,
,,,-58.999944478E-3,1.2200000,
,,,-57.999942452E-3,1.2200000,
,,,-56.999944150E-3,1.2200000,
,,,-55.999942124E-3,1.2200000,
,,,-54.999943823E-3,1.2200000,
,,,-53.99994180E-3,1.2200000,
,,,-52.99994349E-3,1.2200000,
,,,-51.99994147E-3,1.2200000,
,,,-50.99994317E-3,1.2200000,
,,,-49.99994487E-3,1.2200000,
,,,-48.99994284E-3,1.2200000,
,,,-47.99994454E-3,1.2200000,
,,,-46.99994251E-3,1.2400000,
,,,-45.99994421E-3,1.1999999,
,,,-44.99994218E-3,1.2200000,
,,,-43.99994388E-3,1.2200000,
,,,-42.99994186E-3,1.2200000,
,,,-41.99994355E-3,1.2200000,
,,,-40.99994153E-3,1.2200000,
,,,-39.99994323E-3,1.2200000,
,,,-38.99994120E-3,1.2200000,
,,,-37.99994290E-3,1.2200000,
,,,-36.99994087E-3,1.2200000,
,,,-35.99994257E-3,1.2400000,
,,,-34.99994054E-3,1.2200000,
,,,-33.99994224E-3,1.2200000,
,,,-32.99994394E-3,1.2400000,
,,,-31.99994192E-3,1.2200000,
,,,-30.99994175E-3,1.2200000,
,,,-29.99994159E-3,1.2200000,
,,,-28.99994142E-3,1.2200000,
,,,-27.99994126E-3,1.2200000,
,,,-26.99994110E-3,1.2200000,
,,,-25.99994093E-3,1.2200000,
,,,-24.99994263E-3,1.2200000,
,,,-23.99994247E-3,1.2600000,
,,,-22.99994230E-3,1.2800000,
,,,-21.99994214E-3,1.3000000,
,,,-20.99994197E-3,1.3600000,
,,,-19.9999418E-3,1.4000000,
,,,-18.9999416E-3,1.4399999,
,,,-17.9999415E-3,1.4800000,
,,,-16.9999413E-3,1.5200000,
,,,-15.9999412E-3,1.5799999,
,,,-14.9999410E-3,1.6400000,
,,,-13.9999408E-3,1.6999999,
,,,-12.9999416E-3,1.7400000,
,,,-11.9999414E-3,1.8000000,
,,,-10.9999413E-3,1.8600000,
,,,-9.999941103E-3,1.8800000,
,,,-8.999940939E-3,1.9599999,
,,,-7.999940775E-3,2.0000000,
,,,-6.99994108E-3,2.0799999,
,,,-5.99994091E-3,2.0999999,
,,,-4.99994075E-3,2.1599998,
,,,-3.99994105E-3,2.2000000,
,,,-2.99994089E-3,2.2400000,
,,,-1.9999407E-3,2.2800000,
,,,-999.940675683E-6,2.3399999,
,,,59.371814132E-9,2.3799999,
,,,1.0000594E-3,2.4199998,
,,,2.0000595E-3,2.4800000,
,,,3.00005963E-3,2.5000000,
,,,4.00005933E-3,2.5400000,
,,,5.00005949E-3,2.5799999,
,,,6.00005966E-3,2.5999999,
,,,7.00005982E-3,2.6399999,
,,,8.000059985E-3,2.7000000,
,,,9.000060149E-3,2.72000003,
,,,10.0000594E-3,2.74000001,
,,,11.0000595E-3,2.77999997,
,,,12.0000597E-3,2.79999995,
,,,13.0000599E-3,2.83999991,
,,,14.0000600E-3,2.87999988,
,,,15.0000602E-3,2.89999986,
,,,16.0000604E-3,2.93999982,
,,,17.0000605E-3,2.96000004,
,,,18.0000607E-3,2.98000002,
,,,19.0000609E-3,3.00000000,
,,,20.0000610E-3,3.01999998,
,,,21.00006118E-3,3.05999994,
,,,22.00005949E-3,3.07999992,
,,,23.00005965E-3,3.09999990,
,,,24.00005981E-3,3.11999989,
,,,25.00005998E-3,3.13999987,
,,,26.00006014E-3,3.15999985,
,,,27.00006030E-3,3.17999983,
,,,28.00006047E-3,3.19999981,
,,,29.00006063E-3,3.17999983,
,,,30.00006080E-3,3.22000003,
,,,31.00006096E-3,3.25999999,
,,,32.00006112E-3,3.25999999,
,,,33.00005943E-3,3.27999997,
,,,34.00006145E-3,3.27999997,
,,,35.00005975E-3,3.31999993,
,,,36.00006178E-3,3.33999991,
,,,37.00006008E-3,3.33999991,
,,,38.00006211E-3,3.33999991,
,,,39.00006041E-3,3.37999988,
,,,40.00006244E-3,3.37999988,
,,,41.00006074E-3,3.37999988,
,,,42.00006276E-3,3.39999986,
,,,43.00006106E-3,3.41999984,
,,,44.00006309E-3,3.41999984,
,,,45.00006139E-3,3.43999982,
,,,46.00006342E-3,3.46000004,
,,,47.00006172E-3,3.46000004,
,,,48.00006002E-3,3.48000002,
,,,49.00006205E-3,3.46000004,
,,,50.00006035E-3,3.48000002,
,,,51.00006238E-3,3.50000000,
,,,52.00006068E-3,3.50000000,
,,,53.00006270E-3,3.50000000,
,,,54.00006101E-3,3.51999998,
,,,55.000063032E-3,3.53999996,
,,,56.000061333E-3,3.51999998,
,,,57.000063360E-3,3.53999996,
,,,58.000061661E-3,3.55999994,
,,,59.000063688E-3,3.55999994,
,,,60.000061989E-3,3.55999994,
,,,61.000064015E-3,3.55999994,
,,,62.000062317E-3,3.57999992,
,,,63.000060618E-3,3.59999990,
,,,64.000062644E-3,3.59999990,
,,,65.000064671E-3,3.59999990,
,,,66.000059247E-3,3.59999990,
,,,67.000061274E-3,3.61999989,
,,,68.000063300E-3,3.61999989,
,,,69.000065327E-3,3.63999987,
,,,70.000059903E-3,3.63999987,
,,,71.000061929E-3,3.61999989,
,,,72.000063956E-3,3.61999989,
,,,73.000065982E-3,3.63999987,
,,,74.000060558E-3,3.63999987,
,,,75.000062585E-3,3.63999987,
,,,76.000064611E-3,3.65999985,
,,,77.000066638E-3,3.65999985,
,,,78.000061214E-3,3.63999987,
,,,79.000063241E-3,3.65999985,
,,,80.000065267E-3,3.65999985,
,,,81.000059843E-3,3.67999983,
,,,82.000061870E-3,3.67999983,
,,,83.000063896E-3,3.67999983,
,,,84.000065923E-3,3.65999985,
,,,85.000060499E-3,3.67999983,
,,,86.000062525E-3,3.67999983,
,,,87.000064552E-3,3.67999983,
,,,88.000066578E-3,3.69999981,
,,,89.000061154E-3,3.69999981,
,,,90.000063181E-3,3.69999981,
,,,91.000065207E-3,3.67999983,
,,,92.000067234E-3,3.69999981,
,,,93.000061810E-3,3.69999981,
,,,94.000063837E-3,3.69999981,
,,,95.000065863E-3,3.69999981,
,,,96.000060439E-3,3.69999981,
,,,97.000062466E-3,3.69999981,
,,,98.000064492E-3,3.72000003,
,,,99.000066519E-3,3.72000003,
,,,100.0000611E-3,3.69999981,
,,,101.0000631E-3,3.72000003,
,,,102.0000651E-3,3.74000001,
,,,103.0000672E-3,3.72000003,
,,,104.0000618E-3,3.74000001,
,,,105.0000638E-3,3.74000001,
,,,106.0000658E-3,3.74000001,
,,,107.0000678E-3,3.74000001,
,,,108.0000624E-3,3.74000001,
,,,109.0000644E-3,3.74000001,
,,,110.0000665E-3,3.74000001,
,,,111.0000610E-3,3.74000001,
,,,112.0000631E-3,3.74000001,
,,,113.0000651E-3,3.72000003,
,,,114.0000671E-3,3.74000001,
,,,115.0000617E-3,3.72000003,
,,,116.0000637E-3,3.74000001,
,,,117.0000657E-3,3.75999999,
,,,118.0000678E-3,3.75999999,
,,,119.0000623E-3,3.75999999,
,,,120.0000644E-3,3.74000001,
,,,121.0000664E-3,3.74000001,
,,,122.0000684E-3,3.75999999,
,,,123.0000630E-3,3.74000001,
,,,124.0000650E-3,3.74000001,
,,,125.0000596E-3,3.75999999,
,,,126.0000616E-3,3.75999999,
,,,127.0000637E-3,3.74000001,
,,,128.0000657E-3,3.74000001,
,,,129.0000677E-3,3.75999999,
,,,130.0000697E-3,3.75999999,
,,,131.0000718E-3,3.75999999,
,,,132.0000589E-3,3.75999999,
,,,133.0000609E-3,3.75999999,
,,,134.0000629E-3,3.77999997,
,,,135.0000650E-3,3.75999999,
,,,136.0000670E-3,3.75999999,
,,,137.0000690E-3,3.77999997,
,,,138.0000710E-3,3.75999999,
,,,139.0000731E-3,3.75999999,
,,,140.0000602E-3,3.75999999,
,,,141.0000622E-3,3.74000001,
,,,142.0000643E-3,3.75999999,
,,,143.0000663E-3,3.77999997,
,,,144.0000683E-3,3.75999999,
,,,145.0000703E-3,3.77999997,
,,,146.0000724E-3,3.75999999,
,,,147.0000595E-3,3.75999999,
,,,148.0000615E-3,3.75999999,
,,,149.00006354E-3,3.75999999,
,,,150.00006557E-3,3.77999997,
,,,151.00006759E-3,3.75999999,
,,,152.00006962E-3,3.77999997,
,,,153.00007164E-3,3.75999999,
,,,154.00007367E-3,3.75999999,
,,,155.00006080E-3,3.75999999,
,,,156.00006282E-3,3.77999997,
,,,157.00006485E-3,3.77999997,
,,,158.00006688E-3,3.75999999,
,,,159.00006890E-3,3.75999999,
,,,160.00007093E-3,3.77999997,
,,,161.00007296E-3,3.77999997,
,,,162.00006008E-3,3.77999997,
,,,163.00006211E-3,3.77999997,
,,,164.00006413E-3,3.75999999,
,,,165.00006616E-3,3.77999997,
,,,166.00006819E-3,3.75999999,
,,,167.00007021E-3,3.79999995,
,,,168.00007224E-3,3.75999999,
,,,169.00007427E-3,3.75999999,
,,,170.00006139E-3,3.77999997,
,,,171.00006342E-3,3.77999997,
,,,172.00006545E-3,3.77999997,
,,,173.00006747E-3,3.75999999,
,,,174.00006950E-3,3.77999997,
,,,175.00007153E-3,3.77999997,
,,,176.00007355E-3,3.77999997,
,,,177.00006068E-3,3.77999997,
,,,178.00006270E-3,3.77999997,
,,,179.00006473E-3,3.77999997,
,,,180.00006676E-3,3.75999999,
,,,181.00006878E-3,3.77999997,
,,,182.00007081E-3,3.77999997,
,,,183.00007284E-3,3.77999997,
,,,184.00007486E-3,3.75999999,
,,,185.00006199E-3,3.77999997,
,,,186.00006402E-3,3.77999997,
,,,187.00006604E-3,3.77999997,
,,,188.00006807E-3,3.75999999,
,,,189.00007010E-3,3.75999999,
,,,190.00007212E-3,3.77999997,
,,,191.00007415E-3,3.77999997,
,,,192.00006127E-3,3.75999999,
,,,193.00006330E-3,3.77999997,
,,,194.00006533E-3,3.75999999,
,,,195.00006735E-3,3.75999999,
,,,196.00006938E-3,3.77999997,
,,,197.00007141E-3,3.77999997,
,,,198.00007343E-3,3.77999997,
,,,199.00007546E-3,3.77999997,
,,,200.00006258E-3,3.75999999,
,,,201.00006461E-3,3.77999997,
,,,202.00006664E-3,3.77999997,
,,,203.00006866E-3,3.77999997,
,,,204.00007069E-3,3.77999997,
,,,205.00007272E-3,3.77999997,
,,,206.00007474E-3,3.79999995,
,,,207.00006187E-3,3.77999997,
,,,208.00006390E-3,3.79999995,
,,,209.00006592E-3,3.77999997,
,,,210.00006795E-3,3.77999997,
,,,211.00006998E-3,3.75999999,
,,,212.00007200E-3,3.77999997,
,,,213.00007403E-3,3.77999997,
,,,214.00007606E-3,3.77999997,
,,,215.00006318E-3,3.77999997,
,,,216.00006521E-3,3.75999999,
,,,217.00006723E-3,3.77999997,
,,,218.00006926E-3,3.75999999,
,,,219.00007129E-3,3.77999997,
,,,220.00007331E-3,3.77999997,
,,,221.00007534E-3,3.75999999,
,,,222.00006247E-3,3.77999997,
,,,223.00006449E-3,3.77999997,
,,,224.00006652E-3,3.75999999,
,,,225.00006855E-3,3.77999997,
,,,226.00007057E-3,3.77999997,
,,,227.00007260E-3,3.77999997,
,,,228.00007463E-3,3.77999997,
,,,229.00007665E-3,3.77999997,
,,,230.00006378E-3,3.77999997,
,,,231.00006580E-3,3.77999997,
,,,232.00006783E-3,3.77999997,
,,,233.00006986E-3,3.77999997,
,,,234.00007188E-3,3.77999997,
,,,235.00007391E-3,3.77999997,
,,,236.00007594E-3,3.75999999,
,,,237.00007796E-3,3.77999997,
,,,238.00006509E-3,3.77999997,
,,,239.00006711E-3,3.77999997,
,,,240.00006914E-3,3.77999997,
,,,241.00007117E-3,3.79999995,
,,,242.00007319E-3,3.77999997,
,,,243.00007522E-3,3.77999997,
,,,244.00007725E-3,3.77999997,
,,,245.00006437E-3,3.77999997,
,,,246.00006640E-3,3.77999997,
,,,247.00006843E-3,3.77999997,
,,,248.00007045E-3,3.77999997,
,,,249.00007248E-3,3.79999995,
,,,250.00005960E-3,3.77999997,
,,,251.00007653E-3,3.77999997,
,,,252.00006366E-3,3.77999997,
,,,253.00008059E-3,3.77999997,
,,,254.00006771E-3,3.77999997,
,,,255.00008464E-3,3.77999997,
,,,256.00007176E-3,3.77999997,
,,,257.00005889E-3,3.77999997,
,,,258.00007582E-3,3.75999999,
,,,259.00006294E-3,3.77999997,
,,,260.00007987E-3,3.77999997,
,,,261.00006700E-3,3.77999997,
,,,262.00008392E-3,3.77999997,
,,,263.00007105E-3,3.77999997,
,,,264.00005817E-3,3.77999997,
,,,265.00007510E-3,3.77999997,
,,,266.00006223E-3,3.77999997,
,,,267.00007915E-3,3.77999997,
,,,268.00006628E-3,3.77999997,
,,,269.00008321E-3,3.77999997,
,,,270.00007033E-3,3.77999997,
,,,271.00005746E-3,3.77999997,
,,,272.00007439E-3,3.77999997,
,,,273.00006151E-3,3.77999997,
,,,274.00007844E-3,3.77999997,
,,,275.00006557E-3,3.77999997,
,,,276.00008249E-3,3.77999997,
,,,277.00006962E-3,3.77999997,
,,,278.00008655E-3,3.77999997,
,,,279.00007367E-3,3.77999997,
,,,280.00006080E-3,3.77999997,
,,,281.00007772E-3,3.77999997,
,,,282.00006485E-3,3.77999997,
,,,283.00008178E-3,3.77999997,
,,,284.00006890E-3,3.77999997,
,,,285.00008583E-3,3.77999997,
,,,286.00007296E-3,3.77999997,
,,,287.00006008E-3,3.77999997,
,,,288.00007701E-3,3.77999997,
,,,289.00006413E-3,3.77999997,
,,,290.00008106E-3,3.77999997,
,,,291.00006819E-3,3.77999997,
,,,292.00008512E-3,3.77999997,
,,,293.00007224E-3,3.75999999,
,,,294.00005937E-3,3.77999997,
,,,295.00007629E-3,3.77999997,
,,,296.00006342E-3,3.77999997,
,,,297.00008035E-3,3.77999997,
,,,298.00006747E-3,3.77999997,
,,,299.00008440E-3,3.77999997,
,,,300.00007153E-3,3.77999997,
,,,301.00008845E-3,3.77999997,
,,,302.00007558E-3,3.77999997,
,,,303.00006270E-3,3.77999997,
,,,304.00007963E-3,3.77999997,
,,,305.00006676E-3,3.77999997,
,,,306.00008368E-3,3.77999997,
,,,307.00007081E-3,3.77999997,
,,,308.00008774E-3,3.77999997,
,,,309.00007486E-3,3.75999999,
,,,310.00006199E-3,3.77999997,
,,,311.00007892E-3,3.77999997,
,,,312.00006604E-3,3.77999997,
,,,313.00008297E-3,3.77999997,
,,,314.00007010E-3,3.77999997,
,,,315.00008702E-3,3.77999997,
,,,316.00007415E-3,3.77999997,
,,,317.00006127E-3,3.77999997,
,,,318.00007820E-3,3.77999997,
,,,319.00006533E-3,3.77999997,
,,,320.00008225E-3,3.77999997,
,,,321.00006938E-3,3.77999997,
,,,322.00008631E-3,3.77999997,
,,,323.00007343E-3,3.77999997,
,,,324.00006056E-3,3.77999997,
,,,325.00007749E-3,3.79999995,
,,,326.00006461E-3,3.77999997,
,,,327.00008154E-3,3.77999997,
,,,328.00006866E-3,3.77999997,
,,,329.00008559E-3,3.77999997,
,,,330.00007272E-3,3.79999995,
,,,331.00008965E-3,3.75999999,
,,,332.00007677E-3,3.77999997,
,,,333.00006390E-3,3.77999997,
,,,334.00008082E-3,3.77999997,
,,,335.00006795E-3,3.77999997,
,,,336.00008488E-3,3.77999997,
,,,337.00007200E-3,3.77999997,
,,,338.00008893E-3,3.77999997,
,,,339.00007606E-3,3.77999997,
,,,340.00006318E-3,3.77999997,
,,,341.00008011E-3,3.79999995,
,,,342.00006723E-3,3.77999997,
,,,343.00008416E-3,3.77999997,
,,,344.00007129E-3,3.77999997,
,,,345.00008821E-3,3.75999999,
,,,346.00007534E-3,3.79999995,
,,,347.00006247E-3,3.77999997,
,,,348.00007939E-3,3.77999997,
,,,349.00006652E-3,3.77999997,
,,,350.00008345E-3,3.77999997,
,,,351.00007057E-3,3.77999997,
,,,352.00008750E-3,3.77999997,
,,,353.00007463E-3,3.77999997,
,,,354.00006175E-3,3.77999997,
,,,355.00007868E-3,3.77999997,
,,,356.00006580E-3,3.77999997,
,,,357.00008273E-3,3.77999997,
,,,358.00006986E-3,3.77999997,
,,,359.00008678E-3,3.79999995,
,,,360.00007391E-3,3.77999997,
,,,361.00009084E-3,3.75999999,
,,,362.00007796E-3,3.77999997,
,,,363.00006509E-3,3.77999997,
,,,364.00008202E-3,3.77999997,
,,,365.00006914E-3,3.77999997,
,,,366.00008607E-3,3.75999999,
,,,367.00007319E-3,3.77999997,
,,,368.00009012E-3,3.79999995,
,,,369.00007725E-3,3.77999997,
,,,370.00006437E-3,3.77999997,
,,,371.00008130E-3,3.77999997,
,,,372.00006843E-3,3.77999997,
,,,373.00008535E-3,3.77999997,
,,,374.00007248E-3,3.77999997,
,,,375.00008941E-3,3.77999997,
,,,376.00007653E-3,3.77999997,
,,,377.00006366E-3,3.77999997,
,,,378.00008059E-3,3.77999997,
,,,379.00006771E-3,3.77999997,
,,,380.00008464E-3,3.77999997,
,,,381.00007176E-3,3.79999995,
,,,382.00008869E-3,3.77999997,
,,,383.00007582E-3,3.77999997,
,,,384.00006294E-3,3.77999997,
,,,385.00007987E-3,3.77999997,
,,,386.00006700E-3,3.77999997,
,,,387.00008392E-3,3.79999995,
,,,388.00007105E-3,3.75999999,
,,,389.00008798E-3,3.77999997,
,,,390.00007510E-3,3.75999999,
,,,391.00009203E-3,3.77999997,
,,,392.00007915E-3,3.77999997,
,,,393.00006628E-3,3.77999997,
,,,394.00008321E-3,3.77999997,
,,,395.00007033E-3,3.77999997,
,,,396.00008726E-3,3.77999997,
,,,397.00007439E-3,3.77999997,
,,,398.00009131E-3,3.75999999,
,,,399.00007844E-3,3.77999997,
,,,400.00006557E-3,3.77999997,
,,,401.00008249E-3,3.77999997,
,,,402.00006962E-3,3.77999997,
,,,403.00008655E-3,3.77999997,
,,,404.000073671E-3,3.77999997,
,,,405.000090599E-3,3.77999997,
,,,406.000077724E-3,3.77999997,
,,,407.000064850E-3,3.77999997,
,,,408.000081778E-3,3.77999997,
,,,409.000068903E-3,3.75999999,
,,,410.000085831E-3,3.75999999,
,,,411.000072956E-3,3.79999995,
,,,412.000089884E-3,3.77999997,
,,,413.000077009E-3,3.75999999,
,,,414.000093937E-3,3.77999997,
,,,415.000081062E-3,3.77999997,
,,,416.000068188E-3,3.77999997,
,,,417.000085115E-3,3.77999997,
,,,418.000072241E-3,3.75999999,
,,,419.000089169E-3,3.77999997,
,,,420.000076294E-3,3.77999997,
,,,421.000093222E-3,3.77999997,
,,,422.000080347E-3,3.77999997,
,,,423.000067472E-3,3.77999997,
,,,424.000084400E-3,3.77999997,
,,,425.000071526E-3,3.77999997,
,,,426.000088453E-3,3.77999997,
,,,427.000075579E-3,3.77999997,
,,,428.000092506E-3,3.77999997,
,,,429.000079632E-3,3.77999997,
,,,430.000066757E-3,3.77999997,
,,,431.000083685E-3,3.77999997,
,,,432.000070810E-3,3.75999999,
,,,433.000087738E-3,3.77999997,
,,,434.000074863E-3,3.79999995,
,,,435.000091791E-3,3.77999997,
,,,436.000078917E-3,3.75999999,
,,,437.000066042E-3,3.77999997,
,,,438.000082970E-3,3.77999997,
,,,439.000070095E-3,3.77999997,
,,,440.000087023E-3,3.75999999,
,,,441.000074148E-3,3.77999997,
,,,442.000091076E-3,3.79999995,
,,,443.000078201E-3,3.77999997,
,,,444.000095129E-3,3.77999997,
,,,445.000082254E-3,3.77999997,
,,,446.000069380E-3,3.77999997,
,,,447.000086308E-3,3.77999997,
,,,448.000073433E-3,3.77999997,
,,,449.000090361E-3,3.79999995,
,,,450.000077486E-3,3.79999995,
,,,451.000094414E-3,3.77999997,
,,,452.000081539E-3,3.77999997,
,,,453.000068665E-3,3.77999997,
,,,454.000085592E-3,3.77999997,
,,,455.000072718E-3,3.77999997,
,,,456.000089645E-3,3.77999997,
,,,457.000076771E-3,3.77999997,
,,,458.000093699E-3,3.77999997,
,,,459.000080824E-3,3.77999997,
,,,460.000067949E-3,3.77999997,
,,,461.000084877E-3,3.77999997,
,,,462.000072002E-3,3.79999995,
,,,463.000088930E-3,3.77999997,
,,,464.000076056E-3,3.77999997,
,,,465.000092983E-3,3.77999997,
,,,466.000080109E-3,3.77999997,
,,,467.000067234E-3,3.77999997,
,,,468.000084162E-3,3.77999997,
,,,469.000071287E-3,3.77999997,
,,,470.000088215E-3,3.77999997,
,,,471.000075340E-3,3.75999999,
,,,472.000092268E-3,3.77999997,
,,,473.000079393E-3,3.77999997,
,,,474.000096321E-3,3.77999997,
,,,475.000083447E-3,3.75999999,
,,,476.000070572E-3,3.74000001,
,,,477.000087500E-3,3.69999981,
,,,478.000074625E-3,3.67999983,
,,,479.000091553E-3,3.63999987,
,,,480.000078678E-3,3.61999989,
,,,481.000095606E-3,3.57999992,
,,,482.000082731E-3,3.51999998,
,,,483.000069857E-3,3.46000004,
,,,484.000086784E-3,3.39999986,
,,,485.000073910E-3,3.37999988,
,,,486.000090837E-3,3.31999993,
,,,487.000077963E-3,3.25999999,
,,,488.000094891E-3,3.22000003,
,,,489.000082016E-3,3.13999987,
,,,490.000069141E-3,3.09999990,
,,,491.000086069E-3,3.05999994,
,,,492.000073195E-3,3.00000000,
,,,493.000090122E-3,2.93999982,
,,,494.000077248E-3,2.89999986,
,,,495.000094175E-3,2.83999991,
,,,496.000081301E-3,2.77999997,
,,,497.000068426E-3,2.75999999,
,,,498.000085354E-3,2.72000003,
,,,499.000072479E-3,2.6799998,
,,,500.000059605E-3,2.6199999,
,,,501.000106335E-3,2.5799999,
,,,502.000093460E-3,2.5400000,
,,,503.000080585E-3,2.5000000,
,,,504.000067711E-3,2.4600000,
,,,505.000054836E-3,2.4400001,
,,,506.000101566E-3,2.3999999,
,,,507.000088692E-3,2.3799999,
,,,508.000075817E-3,2.3399999,
,,,509.000062943E-3,2.3000000,
,,,510.000109673E-3,2.2600000,
,,,511.000096798E-3,2.2200000,
,,,512.000083923E-3,2.2000000,
,,,513.000071049E-3,2.1599998,
,,,514.000058174E-3,2.1199999,
,,,515.000104904E-3,2.1199999,
,,,516.000092030E-3,2.0799999,
,,,517.000079155E-3,2.0599999,
,,,518.000066280E-3,2.0200000,
,,,519.000113010E-3,2.0200000,
,,,520.000100136E-3,1.9799999,
,,,521.000087261E-3,1.9599999,
,,,522.000074387E-3,1.9200000,
,,,523.000061512E-3,1.9000000,
,,,524.000108242E-3,1.9000000,
,,,525.000095367E-3,1.8600000,
,,,526.000082493E-3,1.8600000,
,,,527.000069618E-3,1.8199999,
,,,528.000056744E-3,1.8199999,
,,,529.000103474E-3,1.7800000,
,,,530.000090599E-3,1.7600000,
,,,531.000077724E-3,1.7600000,
,,,532.000064850E-3,1.7400000,
,,,533.000111580E-3,1.7199999,
,,,534.000098705E-3,1.7199999,
,,,535.000085831E-3,1.7199999,
,,,536.000072956E-3,1.6799999,
,,,537.000060081E-3,1.6600000,
,,,538.000106812E-3,1.6600000,
,,,539.000093937E-3,1.6400000,
,,,540.000081062E-3,1.6200000,
,,,541.000068188E-3,1.5999999,
,,,542.000055313E-3,1.5999999,
,,,543.000102043E-3,1.5799999,
,,,544.000089169E-3,1.5799999,
,,,545.000076294E-3,1.5599999,
,,,546.000063419E-3,1.5599999,
,,,547.000110149E-3,1.5599999,
,,,548.000097275E-3,1.5400000,
,,,549.000084400E-3,1.5200000,
,,,550.000071526E-3,1.5200000,
,,,551.000058651E-3,1.5000000,
,,,552.000105381E-3,1.5000000,
,,,553.000092506E-3,1.5000000,
,,,554.000079632E-3,1.5000000,
,,,555.000066757E-3,1.4800000,
,,,556.000113487E-3,1.4800000,
,,,557.000100613E-3,1.4599999,
,,,558.000087738E-3,1.4399999,
,,,559.000074863E-3,1.4800000,
,,,560.000061989E-3,1.4399999,
,,,561.000108719E-3,1.4399999,
,,,562.000095844E-3,1.4200000,
,,,563.000082970E-3,1.4000000,
,,,564.000070095E-3,1.4200000,
,,,565.000057220E-3,1.4000000,
,,,566.000103951E-3,1.4000000,
,,,567.000091076E-3,1.4000000,
,,,568.000078201E-3,1.3800000,
,,,569.000065327E-3,1.4000000,
,,,570.000112057E-3,1.3800000,
,,,571.000099182E-3,1.3600000,
,,,572.000086308E-3,1.3600000,
,,,573.000073433E-3,1.3800000,
,,,574.000060558E-3,1.3600000,
,,,575.000107288E-3,1.3600000,
,,,576.000094414E-3,1.3800000,
,,,577.000081539E-3,1.3600000,
,,,578.000068665E-3,1.3399999,
,,,579.000115395E-3,1.3399999,
,,,580.000102520E-3,1.3399999,
,,,581.000089645E-3,1.3199999,
,,,582.000076771E-3,1.3399999,
,,,583.000063896E-3,1.3199999,
,,,584.000110626E-3,1.3199999,
,,,585.000097752E-3,1.3199999,
,,,586.000084877E-3,1.3199999,
,,,587.000072002E-3,1.3199999,
,,,588.000059128E-3,1.3199999,
,,,589.000105858E-3,1.3199999,
,,,590.000092983E-3,1.3000000,
,,,591.000080109E-3,1.3000000,
,,,592.000067234E-3,1.2800000,
,,,593.000113964E-3,1.3199999,
,,,594.000101089E-3,1.3000000,
,,,595.000088215E-3,1.2800000,
,,,596.000075340E-3,1.3000000,
,,,597.000062466E-3,1.2800000,
,,,598.000109196E-3,1.2800000,
,,,599.000096321E-3,1.2800000,
,,,600.000083447E-3,1.2800000,
,,,601.000070572E-3,1.2800000,
,,,602.000117302E-3,1.2800000,
,,,603.000104427E-3,1.2800000,
,,,604.000091553E-3,1.2800000,
,,,605.000078678E-3,1.2800000,
,,,606.000065804E-3,1.2800000,
,,,607.000112534E-3,1.2800000,
,,,608.000099659E-3,1.2800000,
,,,609.000086784E-3,1.2600000,
,,,610.000073910E-3,1.2600000,
,,,611.000061035E-3,1.2600000,
,,,612.000107765E-3,1.2800000,
,,,613.000094891E-3,1.2600000,
,,,614.000082016E-3,1.2800000,
,,,615.000069141E-3,1.2600000,
,,,616.000115871E-3,1.2800000,
,,,617.000102997E-3,1.2400000,
,,,618.000090122E-3,1.2600000,
,,,619.000077248E-3,1.2600000,
,,,620.000064373E-3,1.2600000,
,,,621.000111103E-3,1.2800000,
,,,622.000098228E-3,1.2600000,
,,,623.000085354E-3,1.2600000,
,,,624.000072479E-3,1.2800000,
,,,625.000059605E-3,1.2600000,
,,,626.000106335E-3,1.2600000,
,,,627.000093460E-3,1.2400000,
,,,628.000080585E-3,1.2400000,
,,,629.000067711E-3,1.2400000,
,,,630.000114441E-3,1.2600000,
,,,631.000101566E-3,1.2400000,
,,,632.000088692E-3,1.2600000,
,,,633.000075817E-3,1.2400000,
,,,634.000062943E-3,1.2200000,
,,,635.000109673E-3,1.2600000,
,,,636.000096798E-3,1.2400000,
,,,637.000083923E-3,1.2600000,
,,,638.000071049E-3,1.2400000,
,,,639.000117779E-3,1.2400000,
,,,640.000104904E-3,1.2400000,
,,,641.000092030E-3,1.2400000,
,,,642.000079155E-3,1.2400000,
,,,643.000066280E-3,1.2400000,
,,,644.000113010E-3,1.2400000,
,,,645.000100136E-3,1.2600000,
,,,646.000087261E-3,1.2200000,
,,,647.000074387E-3,1.2400000,
,,,648.000061512E-3,1.2400000,
,,,649.000108242E-3,1.2400000,
,,,650.000095367E-3,1.2400000,
,,,651.000082493E-3,1.2400000,
,,,652.000069618E-3,1.2200000,
,,,653.000116348E-3,1.2200000,
,,,654.000103474E-3,1.2400000,
,,,655.000090599E-3,1.2400000,
,,,656.000077724E-3,1.2400000,
,,,657.000064850E-3,1.2400000,
,,,658.000111580E-3,1.2400000,
,,,659.000098705E-3,1.2200000,
,,,660.000085831E-3,1.2200000,
,,,661.000072956E-3,1.2400000,
,,,662.000119686E-3,1.2200000,
,,,663.000106812E-3,1.2200000,
,,,664.000093937E-3,1.2400000,
,,,665.000081062E-3,1.2200000,
,,,666.000068188E-3,1.2400000,
,,,667.000114918E-3,1.2400000,
,,,668.000102043E-3,1.2200000,
,,,669.000089169E-3,1.2400000,
,,,670.000076294E-3,1.2400000,
,,,671.000063419E-3,1.2400000,
,,,672.000110149E-3,1.2200000,
,,,673.000097275E-3,1.2400000,
,,,674.000084400E-3,1.2200000,
,,,675.000071526E-3,1.2200000,
,,,676.000118256E-3,1.2200000,
,,,677.000105381E-3,1.2200000,
,,,678.000092506E-3,1.2200000,
,,,679.000079632E-3,1.2400000,
,,,680.000066757E-3,1.2200000,
,,,681.000113487E-3,1.2200000,
,,,682.000100613E-3,1.2200000,
,,,683.000087738E-3,1.2200000,
,,,684.000074863E-3,1.2200000,
,,,685.000121593E-3,1.2400000,
,,,686.000108719E-3,1.2200000,
,,,687.000095844E-3,1.2200000,
,,,688.000082970E-3,1.2400000,
,,,689.000070095E-3,1.2200000,
,,,690.000116825E-3,1.1999999,
,,,691.000103951E-3,1.2200000,
,,,692.000091076E-3,1.2200000,
,,,693.000078201E-3,1.2200000,
,,,694.000065327E-3,1.2200000,
,,,695.000112057E-3,1.1999999,
,,,696.000099182E-3,1.2200000,
,,,697.000086308E-3,1.2200000,
,,,698.000073433E-3,1.2400000,
,,,699.000120163E-3,1.2200000,
,,,700.000107288E-3,1.2200000,
,,,701.000094414E-3,1.2200000,
,,,702.000081539E-3,1.2200000,
,,,703.000068665E-3,1.2400000,
,,,704.000115395E-3,1.2200000,
,,,705.000102520E-3,1.2200000,
,,,706.000089645E-3,1.2200000,
,,,707.000076771E-3,1.2200000,
,,,708.000063896E-3,1.2200000,
,,,709.000110626E-3,1.2200000,
,,,710.000097752E-3,1.2200000,
,,,711.000084877E-3,1.2200000,
,,,712.000072002E-3,1.2200000,
,,,713.000118732E-3,1.1999999,
,,,714.000105858E-3,1.2400000,
,,,715.000092983E-3,1.2200000,
,,,716.000080109E-3,1.2400000,
,,,717.000067234E-3,1.2200000,
,,,718.000113964E-3,1.2200000,
,,,719.000101089E-3,1.2200000,
,,,720.000088215E-3,1.2200000,
,,,721.000075340E-3,1.2400000,
,,,722.000122070E-3,1.2200000,
,,,723.000109196E-3,1.2200000,
,,,724.000096321E-3,1.2400000,
,,,725.000083447E-3,1.1999999,
,,,726.000070572E-3,1.2200000,
,,,727.000117302E-3,1.2200000,
,,,728.000104427E-3,1.2200000,
,,,729.000091553E-3,1.2400000,
,,,730.000078678E-3,1.2200000,
,,,731.000065804E-3,1.2200000,
,,,732.000112534E-3,1.2200000,
,,,733.000099659E-3,1.2200000,
,,,734.000086784E-3,1.2200000,
,,,735.000073910E-3,1.1999999,
,,,736.000120640E-3,1.2400000,
,,,737.000107765E-3,1.1999999,
,,,738.000094891E-3,1.1999999,
,,,739.000082016E-3,1.2200000,
,,,740.000069141E-3,1.2200000,
,,,741.000115871E-3,1.2200000,
,,,742.000102997E-3,1.2200000,
,,,743.000090122E-3,1.2200000,
,,,744.000077248E-3,1.2200000,
,,,745.000123978E-3,1.2400000,
,,,746.000111103E-3,1.2200000,
,,,747.000098228E-3,1.2400000,
,,,748.000085354E-3,1.2200000,
,,,749.000072479E-3,1.2200000,
,,,750.000119209E-3,1.2200000,
,,,751.000106335E-3,1.2200000,
,,,752.000093460E-3,1.2200000,
,,,753.000080585E-3,1.2400000,
,,,754.000067711E-3,1.2200000,
,,,755.000114441E-3,1.2200000,
,,,756.000101566E-3,1.2400000,
,,,757.000088692E-3,1.2200000,
,,,758.000075817E-3,1.2200000,
,,,759.000122547E-3,1.2200000,
,,,760.000109673E-3,1.2400000,
,,,761.000096798E-3,1.2200000,
,,,762.000083923E-3,1.2200000,
,,,763.000071049E-3,1.1999999,
,,,764.000117779E-3,1.2400000,
,,,765.000104904E-3,1.2200000,
,,,766.000092030E-3,1.2200000,
,,,767.000079155E-3,1.2200000,
,,,768.000066280E-3,1.1999999,
,,,769.000113010E-3,1.2200000,
,,,770.000100136E-3,1.2200000,
,,,771.000087261E-3,1.1999999,
,,,772.000074387E-3,1.2400000,
,,,773.000121117E-3,1.2200000,
,,,774.000108242E-3,1.2400000,
,,,775.000095367E-3,1.2200000,
,,,776.000082493E-3,1.1999999,
,,,777.000069618E-3,1.2200000,
,,,778.000116348E-3,1.2200000,
,,,779.000103474E-3,1.1999999,
,,,780.000090599E-3,1.2400000,
,,,781.000077724E-3,1.2200000,
,,,782.000124454E-3,1.2200000,
,,,783.000111580E-3,1.2200000,
,,,784.000098705E-3,1.2200000,
,,,785.000085831E-3,1.2200000,
,,,786.000072956E-3,1.2200000,
,,,787.000119686E-3,1.2400000,
,,,788.000106812E-3,1.2200000,
,,,789.000093937E-3,1.2200000,
,,,790.000081062E-3,1.2200000,
,,,791.000068188E-3,1.2200000,
,,,792.000114918E-3,1.2200000,
,,,793.000102043E-3,1.2400000,
,,,794.000089169E-3,1.2400000,
,,,795.000076294E-3,1.2400000,
,,,796.000123024E-3,1.1999999,
,,,797.000110149E-3,1.2200000,
,,,798.000097275E-3,1.1999999,
,,,799.000084400E-3,1.2400000,
,,,800.000071526E-3,1.1999999,
,,,801.000118256E-3,1.2200000,
,,,802.000105381E-3,1.2200000,
,,,803.000092506E-3,1.2200000,
,,,804.000079632E-3,1.2200000,
,,,805.000126362E-3,1.2400000,
,,,806.000113487E-3,1.2200000,
,,,807.000100613E-3,1.2200000,
,,,808.000087738E-3,1.1999999,
,,,809.000074863E-3,1.2200000,
,,,810.000121593E-3,1.2200000,
,,,811.000108719E-3,1.2200000,
,,,812.000095844E-3,1.1999999,
,,,813.000082970E-3,1.2200000,
,,,814.000070095E-3,1.2200000,
,,,815.000116825E-3,1.2200000,
,,,816.000103951E-3,1.2200000,
,,,817.000091076E-3,1.2200000,
,,,818.000078201E-3,1.2200000,
,,,819.000124931E-3,1.2200000,
,,,820.000112057E-3,1.1999999,
,,,821.000099182E-3,1.2400000,
,,,822.000086308E-3,1.2200000,
,,,823.000073433E-3,1.2200000,
,,,824.000120163E-3,1.2400000,
,,,825.000107288E-3,1.2200000,
,,,826.000094414E-3,1.2200000,
,,,827.000081539E-3,1.2200000,
,,,828.000128269E-3,1.2200000,
,,,829.000115395E-3,1.2400000,
,,,830.000102520E-3,1.2200000,
,,,831.000089645E-3,1.2400000,
,,,832.000076771E-3,1.2400000,
,,,833.000123501E-3,1.2400000,
,,,834.000110626E-3,1.1999999,
,,,835.000097752E-3,1.2200000,
,,,836.000084877E-3,1.2200000,
,,,837.000072002E-3,1.2200000,
,,,838.000118732E-3,1.2400000,
,,,839.000105858E-3,1.2200000,
,,,840.000092983E-3,1.2200000,
,,,841.000080109E-3,1.2200000,
,,,842.000126839E-3,1.2200000,
,,,843.000113964E-3,1.2200000,
,,,844.000101089E-3,1.2200000,
,,,845.000088215E-3,1.2400000,
,,,846.000075340E-3,1.2400000,
,,,847.000122070E-3,1.2200000,
,,,848.000109196E-3,1.2200000,
,,,849.000096321E-3,1.2200000,
,,,850.000083447E-3,1.2200000,
,,,851.000070572E-3,1.2200000,
,,,852.000117302E-3,1.2200000,
,,,853.000104427E-3,1.2400000,
,,,854.000091553E-3,1.2200000,
,,,855.000078678E-3,1.2400000,
,,,856.000125408E-3,1.2200000,
,,,857.000112534E-3,1.2200000,
,,,858.000099659E-3,1.2200000,
,,,859.000086784E-3,1.2200000,
,,,860.000073910E-3,1.2400000,
,,,861.000120640E-3,1.2200000,
,,,862.000107765E-3,1.1999999,
,,,863.000094891E-3,1.2200000,
,,,864.000082016E-3,1.2200000,
,,,865.000128746E-3,1.1999999,
,,,866.000115871E-3,1.2400000,
,,,867.000102997E-3,1.2400000,
,,,868.000090122E-3,1.2200000,
,,,869.000077248E-3,1.2200000,
,,,870.000123978E-3,1.2200000,
,,,871.000111103E-3,1.2400000,
,,,872.000098228E-3,1.2200000,
,,,873.000085354E-3,1.2200000,
,,,874.000072479E-3,1.2200000,
,,,875.000119209E-3,1.2400000,
,,,876.000106335E-3,1.2200000,
,,,877.000093460E-3,1.2200000,
,,,878.000080585E-3,1.2200000,
,,,879.000127316E-3,1.2400000,
,,,880.000114441E-3,1.2400000,
,,,881.000101566E-3,1.2200000,
,,,882.000088692E-3,1.2200000,
,,,883.000075817E-3,1.2200000,
,,,884.000122547E-3,1.2400000,
,,,885.000109673E-3,1.2200000,
,,,886.000096798E-3,1.2400000,
,,,887.000083923E-3,1.2400000,
,,,888.000130653E-3,1.2200000,
,,,889.000117779E-3,1.2200000,
,,,890.000104904E-3,1.2200000,
,,,891.000092030E-3,1.2200000,
,,,892.000079155E-3,1.2200000,
,,,893.000125885E-3,1.2200000,
,,,894.000113010E-3,1.2400000,
,,,895.000100136E-3,1.2200000,
,,,896.000087261E-3,1.2400000,
,,,897.000074387E-3,1.2200000,
,,,898.000121117E-3,1.2200000,
,,,899.000108242E-3,1.1999999,
,,,900.000095367E-3,1.2200000,
,,,901.000082493E-3,1.2200000,
,,,902.000129223E-3,1.2200000,
,,,903.000116348E-3,1.2200000,
,,,904.000103474E-3,1.2200000,
,,,905.000090599E-3,1.2200000,
,,,906.000077724E-3,1.2200000,
,,,907.000124454E-3,1.2200000,
,,,908.000111580E-3,1.1999999,
,,,909.000098705E-3,1.2200000,
,,,910.000085831E-3,1.2400000,
,,,911.000072956E-3,1.2200000,
,,,912.000119686E-3,1.2200000,
,,,913.000106812E-3,1.2200000,
,,,914.000093937E-3,1.2200000,
,,,915.000081062E-3,1.2400000,
,,,916.000127792E-3,1.2200000,
,,,917.000114918E-3,1.2200000,
,,,918.000102043E-3,1.2400000,
,,,919.000089169E-3,1.2200000,
,,,920.000076294E-3,1.2400000,
,,,921.000123024E-3,1.2200000,
,,,922.000110149E-3,1.1999999,
,,,923.000097275E-3,1.1999999,
,,,924.000084400E-3,1.2200000,
,,,925.000131130E-3,1.2200000,
,,,926.000118256E-3,1.2200000,
,,,927.000105381E-3,1.2200000,
,,,928.000092506E-3,1.2400000,
,,,929.000079632E-3,1.2200000,
,,,930.000126362E-3,1.1999999,
,,,931.000113487E-3,1.1999999,
,,,932.000100613E-3,1.2400000,
,,,933.000087738E-3,1.2200000,
,,,934.000074863E-3,1.2400000,
,,,935.000121593E-3,1.2200000,
,,,936.000108719E-3,1.2200000,
,,,937.000095844E-3,1.2200000,
,,,938.000082970E-3,1.2200000,
,,,939.000129700E-3,1.2200000,
,,,940.000116825E-3,1.2400000,
,,,941.000103951E-3,1.2200000,
,,,942.000091076E-3,1.2200000,
,,,943.000078201E-3,1.2200000,
,,,944.000124931E-3,1.2200000,
,,,945.000112057E-3,1.2200000,
,,,946.000099182E-3,1.2200000,
,,,947.000086308E-3,1.2400000,
,,,948.000133038E-3,1.2200000,
,,,949.000120163E-3,1.2400000,
,,,950.000107288E-3,1.2200000,
,,,951.000094414E-3,1.2400000,
,,,952.000081539E-3,1.2200000,
,,,953.000128269E-3,1.2200000,
,,,954.000115395E-3,1.2400000,
,,,955.000102520E-3,1.2200000,
,,,956.000089645E-3,1.2200000,
,,,957.000076771E-3,1.2200000,
,,,958.000123501E-3,1.2400000,
,,,959.000110626E-3,1.2200000,
,,,960.000097752E-3,1.2200000,
,,,961.000084877E-3,1.2200000,
,,,962.000131607E-3,1.2200000,
,,,963.000118732E-3,1.2200000,
,,,964.000105858E-3,1.1999999,
,,,965.000092983E-3,1.2200000,
,,,966.000080109E-3,1.2200000,
,,,967.000126839E-3,1.2200000,
,,,968.000113964E-3,1.2200000,
,,,969.000101089E-3,1.2400000,
,,,970.000088215E-3,1.2200000,
,,,971.000134945E-3,1.1999999,
,,,972.000122070E-3,1.2200000,
,,,973.000109196E-3,1.2200000,
,,,974.000096321E-3,1.2200000,
,,,975.000083447E-3,1.2200000,
,,,976.000130177E-3,1.2400000,
,,,977.000117302E-3,1.2800000,
,,,978.000104427E-3,1.3000000,
,,,979.000091553E-3,1.3399999,
,,,980.000078678E-3,1.3600000,
,,,981.000125408E-3,1.4399999,
,,,982.000112534E-3,1.4800000,
,,,983.000099659E-3,1.5200000,
,,,984.000086784E-3,1.5999999,
,,,985.000133514E-3,1.6200000,
,,,986.000120640E-3,1.6999999,
,,,987.000107765E-3,1.7400000,
,,,988.000094891E-3,1.8199999,
,,,989.000082016E-3,1.8399999,
,,,990.000128746E-3,1.9200000,
,,,991.000115871E-3,1.9599999,
,,,992.000102997E-3,2.0000000,
,,,993.000090122E-3,2.0599999,
,,,994.000077248E-3,2.1199999,
,,,995.000123978E-3,2.1599998,
,,,996.000111103E-3,2.2000000,
,,,997.000098228E-3,2.2400000,
,,,998.000085354E-3,2.3000000,
,,,999.000132084E-3,2.3399999,
,,,1.0000001,2.3799999,
,,,1.0010002,2.4199998,
,,,1.0020001,2.4800000,
,,,1.0030001,2.5000000,
,,,1.0040001,2.5599999,
,,,1.0050001,2.5599999,
,,,1.0060002,2.6199999,
,,,1.0070001,2.6399999,
,,,1.0080001,2.7000000,
,,,1.0090001,2.72000003,
,,,1.0100001,2.74000001,
,,,1.0110002,2.77999997,
,,,1.0120001,2.79999995,
,,,1.0130001,2.85999990,
,,,1.0140001,2.85999990,
,,,1.0150001,2.89999986,
,,,1.0160002,2.91999984,
,,,1.0170001,2.93999982,
,,,1.0180001,2.96000004,
,,,1.0190001,3.00000000,
,,,1.0200001,3.03999996,
,,,1.0210001,3.05999994,
,,,1.0220001,3.07999992,
,,,1.0230001,3.09999990,
,,,1.0240000,3.11999989,
,,,1.0250001,3.15999985,
,,,1.0260001,3.13999987,
,,,1.0270001,3.17999983,
,,,1.0280001,3.19999981,
,,,1.0290002,3.22000003,
,,,1.0300001,3.24000001,
,,,1.0310001,3.24000001,
,,,1.0320001,3.25999999,
,,,1.0330001,3.27999997,
,,,1.0340002,3.29999995,
,,,1.0350001,3.29999995,
,,,1.0360001,3.31999993,
,,,1.0370001,3.33999991,
,,,1.0380001,3.35999990,
,,,1.0390002,3.35999990,
,,,1.0400001,3.37999988,
,,,1.0410001,3.37999988,
,,,1.0420001,3.41999984,
,,,1.0430001,3.39999986,
,,,1.0440001,3.43999982,
,,,1.0450001,3.43999982,
,,,1.0460001,3.43999982,
,,,1.0470001,3.46000004,
,,,1.0480001,3.46000004,
,,,1.0490001,3.48000002,
,,,1.0500001,3.48000002,
,,,1.0510001,3.48000002,
,,,1.0520002,3.50000000,
,,,1.0530001,3.51999998,
,,,1.0540001,3.51999998,
,,,1.0550001,3.53999996,
,,,1.0560001,3.51999998,
,,,1.0570002,3.55999994,
,,,1.0580001,3.55999994,
,,,1.0590001,3.55999994,
,,,1.0600001,3.55999994,
,,,1.0610001,3.57999992,
,,,1.0620002,3.57999992,
,,,1.0630001,3.55999994,
,,,1.0640001,3.59999990,
,,,1.0650001,3.59999990,
,,,1.0660001,3.59999990,
,,,1.0670002,3.61999989,
,,,1.0680001,3.61999989,
,,,1.0690001,3.61999989,
,,,1.0700001,3.61999989,
,,,1.0710001,3.61999989,
,,,1.0720001,3.61999989,
,,,1.0730001,3.61999989,
,,,1.0740001,3.63999987,
,,,1.0750002,3.63999987,
,,,1.0760001,3.63999987,
,,,1.0770001,3.63999987,
,,,1.0780001,3.65999985,
,,,1.0790001,3.65999985,
,,,1.0800002,3.65999985,
,,,1.0810001,3.65999985,
,,,1.0820001,3.63999987,
,,,1.0830001,3.67999983,
,,,1.0840001,3.69999981,
,,,1.0850002,3.67999983,
,,,1.0860001,3.69999981,
,,,1.0870001,3.69999981,
,,,1.0880001,3.69999981,
,,,1.0890001,3.69999981,
,,,1.0900002,3.67999983,
,,,1.0910001,3.69999981,
,,,1.0920001,3.69999981,
,,,1.0930001,3.69999981,
,,,1.0940001,3.69999981,
,,,1.0950001,3.69999981,
,,,1.0960001,3.72000003,
,,,1.0970001,3.72000003,
,,,1.0980002,3.72000003,
,,,1.0990001,3.72000003,
,,,1.1000001,3.72000003,
,,,1.1010001,3.69999981,
,,,1.1020001,3.69999981,
,,,1.1030002,3.72000003,
,,,1.1040001,3.74000001,
,,,1.1050001,3.72000003,
,,,1.1060001,3.72000003,
,,,1.1070001,3.72000003,
,,,1.1080002,3.72000003,
,,,1.1090001,3.72000003,
,,,1.1100001,3.74000001,
,,,1.1110001,3.72000003,
,,,1.1120001,3.74000001,
,,,1.1130002,3.74000001,
,,,1.1140001,3.74000001,
,,,1.1150001,3.74000001,
,,,1.1160001,3.74000001,
,,,1.1170001,3.74000001,
,,,1.1180001,3.75999999,
,,,1.1190001,3.74000001,
,,,1.1200001,3.74000001,
,,,1.1210002,3.75999999,
,,,1.1220001,3.75999999,
,,,1.1230001,3.74000001,
,,,1.1240001,3.74000001,
,,,1.1250001,3.75999999,
,,,1.1260002,3.75999999,
,,,1.1270001,3.75999999,
,,,1.1280001,3.74000001,
,,,1.1290001,3.75999999,
,,,1.1300001,3.75999999,
,,,1.1310002,3.75999999,
,,,1.1320001,3.75999999,
,,,1.1330001,3.75999999,
,,,1.1340001,3.75999999,
,,,1.1350001,3.75999999,
,,,1.1360002,3.75999999,
,,,1.1370001,3.75999999,
,,,1.1380001,3.75999999,
,,,1.1390001,3.75999999,
,,,1.1400001,3.77999997,
,,,1.1410002,3.75999999,
,,,1.1420001,3.75999999,
,,,1.1430001,3.75999999,
,,,1.1440002,3.75999999,
,,,1.1450001,3.75999999,
,,,1.1460001,3.75999999,
,,,1.1470001,3.75999999,
,,,1.1480001,3.77999997,
,,,1.1490002,3.75999999,
,,,1.1500001,3.77999997,
,,,1.1510001,3.77999997,
,,,1.1520001,3.77999997,
,,,1.1530001,3.77999997,
,,,1.1540002,3.75999999,
,,,1.1550001,3.75999999,
,,,1.1560001,3.77999997,
,,,1.1570001,3.77999997,
,,,1.1580001,3.77999997,
,,,1.1590002,3.75999999,
,,,1.1600001,3.77999997,
,,,1.1610001,3.77999997,
,,,1.1620001,3.75999999,
,,,1.1630001,3.75999999,
,,,1.1640002,3.75999999,
,,,1.1650001,3.77999997,
,,,1.1660001,3.77999997,
,,,1.1670001,3.75999999,
,,,1.1680001,3.75999999,
,,,1.1690001,3.75999999,
,,,1.1700001,3.77999997,
,,,1.1710001,3.77999997,
,,,1.1720002,3.77999997,
,,,1.1730001,3.75999999,
,,,1.1740001,3.77999997,
,,,1.1750001,3.75999999,
,,,1.1760001,3.75999999,
,,,1.1770002,3.75999999,
,,,1.1780001,3.75999999,
,,,1.1790001,3.75999999,
,,,1.1800001,3.77999997,
,,,1.1810001,3.77999997,
,,,1.1820002,3.79999995,
,,,1.1830001,3.77999997,
,,,1.1840001,3.77999997,
,,,1.1850001,3.77999997,
,,,1.1860001,3.77999997,
,,,1.1870002,3.77999997,
,,,1.1880001,3.75999999,
,,,1.1890001,3.77999997,
,,,1.1900001,3.75999999,
,,,1.1910001,3.77999997,
,,,1.1920002,3.79999995,
,,,1.1930001,3.77999997,
,,,1.1940001,3.77999997,
,,,1.1950002,3.75999999,
,,,1.1960001,3.77999997,
,,,1.1970001,3.77999997,
,,,1.1980001,3.77999997,
,,,1.1990001,3.77999997,
,,,1.2000002,3.77999997,
,,,1.2010001,3.77999997,
,,,1.2020001,3.77999997,
,,,1.2030001,3.77999997,
,,,1.2040001,3.77999997,
,,,1.2050002,3.77999997,
,,,1.2060001,3.77999997,
,,,1.2070001,3.77999997,
,,,1.2080001,3.77999997,
,,,1.2090001,3.77999997,
,,,1.2100002,3.77999997,
,,,1.2110001,3.77999997,
,,,1.2120001,3.77999997,
,,,1.2130001,3.77999997,
,,,1.2140001,3.75999999,
,,,1.2150002,3.77999997,
,,,1.2160001,3.77999997,
,,,1.2170001,3.77999997,
,,,1.2180002,3.77999997,
,,,1.2190001,3.77999997,
,,,1.2200001,3.77999997,
,,,1.2210001,3.77999997,
,,,1.2220001,3.77999997,
,,,1.2230002,3.77999997,
,,,1.2240001,3.77999997,
,,,1.2250001,3.77999997,
,,,1.2260001,3.77999997,
,,,1.2270001,3.79999995,
,,,1.2280002,3.77999997,
,,,1.2290001,3.77999997,
,,,1.2300001,3.77999997,
,,,1.2310001,3.75999999,
,,,1.2320001,3.77999997,
,,,1.2330002,3.77999997,
,,,1.2340001,3.77999997,
,,,1.2350001,3.77999997,
,,,1.2360001,3.79999995,
,,,1.2370001,3.77999997,
,,,1.2380002,3.77999997,
,,,1.2390001,3.77999997,
,,,1.2400001,3.77999997,
,,,1.2410002,3.77999997,
,,,1.2420001,3.77999997,
,,,1.2430001,3.77999997,
,,,1.2440001,3.77999997,
,,,1.2450001,3.77999997,
,,,1.2460002,3.77999997,
,,,1.2470001,3.79999995,
,,,1.2480001,3.77999997,
,,,1.2490001,3.77999997,
